"Age";"Sex";"Cabin";"Life Boat";"Passenger Class";"Port of Embarkation";"PassengerID";"No of Siblings or Spouses on Board";"No of Parents or Children on Board";"Passenger Fare";"Survived"
"range3 [1.763 - 2.562]";"F";"C22 C26";"0";"First";"Southampton";4;1;2;151.55;"No"
"range32 [24.915 - 25.713]";"F";"C22 C26";"0";"First";"Southampton";6;1;2;151.55;"No"
"range45 [35.293 - 36.092]";"F";"A29";"0";"First";"Cherbourg";107;0;0;31.6792;"No"
"range63 [49.663 - 50.462]";"F";"C49";"0";"First";"Cherbourg";171;0;0;28.7125;"No"
"range79 [62.437 - 63.235]";"F";"C55 C57";"0";"First";"Southampton";288;1;0;221.7792;"No"
"range55 [43.277 - 44.075]";"F";"unknown";"0";"Second";"Southampton";367;1;0;26.0;"No"
"range37 [28.907 - 29.705]";"F";"unknown";"0";"Second";"Southampton";371;1;0;26.0;"No"
"range38 [29.705 - 30.503]";"F";"unknown";"0";"Second";"Southampton";383;0;0;13.0;"No"
"range48 [37.688 - 38.487]";"F";"unknown";"0";"Second";"Southampton";413;0;0;13.0;"No"
"range23 [17.730 - 18.528]";"F";"unknown";"0";"Second";"Southampton";447;1;1;13.0;"No"
"range75 [59.243 - 60.042]";"F";"unknown";"0";"Second";"Southampton";458;1;0;26.0;"No"
"range28 [21.722 - 22.520]";"F";"unknown";"0";"Second";"Southampton";470;0;0;21.0;"No"
"range33 [25.713 - 26.512]";"F";"unknown";"0";"Second";"Southampton";477;1;1;26.0;"No"
"range72 [56.848 - 57.647]";"F";"E77";"0";"Second";"Southampton";492;0;0;10.5;"No"
"range34 [26.512 - 27.310]";"F";"unknown";"0";"Second";"Southampton";578;1;0;21.0;"No"
"range30 [23.318 - 24.117]";"F";"unknown";"0";"Second";"Southampton";602;0;0;13.0;"No"
"range50 [39.285 - 40.083]";"F";"unknown";"0";"Third";"Southampton";613;1;0;9.475;"No"
"range8 [5.755 - 6.553]";"F";"unknown";"0";"Third";"Southampton";626;4;2;31.275;"No"
"range3 [1.763 - 2.562]";"F";"unknown";"0";"Third";"Southampton";627;4;2;31.275;"No"
"range48 [37.688 - 38.487]";"F";"unknown";"0";"Third";"Southampton";629;4;2;7.775;"No"
"range12 [8.948 - 9.747]";"F";"unknown";"0";"Third";"Southampton";630;4;2;31.275;"No"
"range14 [10.545 - 11.343]";"F";"unknown";"0";"Third";"Southampton";631;4;2;31.275;"No"
"range49 [38.487 - 39.285]";"F";"unknown";"0";"Third";"Southampton";635;1;5;31.275;"No"
"range23 [17.730 - 18.528]";"F";"unknown";"0";"Third";"Southampton";639;1;0;17.8;"No"
"range22 [16.932 - 17.730]";"F";"unknown";"0";"Third";"Cherbourg";653;0;0;14.4583;"No"
"range23 [17.730 - 18.528]";"F";"unknown";"0";"Third";"Cherbourg";668;0;1;14.4542;"No"
"range57 [44.873 - 45.672]";"F";"unknown";"0";"Third";"Cherbourg";669;0;1;14.4542;"No"
"range34 [26.512 - 27.310]";"F";"unknown";"0";"Third";"Queenstown";670;0;0;7.8792;"No"
"range12 [8.948 - 9.747]";"F";"unknown";"0";"Third";"Cherbourg";682;1;1;15.2458;"No"
"range40 [31.302 - 32.100]";"F";"unknown";"0";"Third";"Queenstown";687;1;1;15.5;"No"
"range25 [19.327 - 20.125]";"F";"unknown";"0";"Third";"Southampton";690;0;0;7.8542;"No"
"range23 [17.730 - 18.528]";"F";"unknown";"0";"Third";"Queenstown";695;0;0;7.2833;"No"
"range23 [17.730 - 18.528]";"F";"unknown";"0";"Third";"Queenstown";698;0;0;7.8792;"No"
"range27 [20.923 - 21.722]";"F";"unknown";"0";"Third";"Southampton";699;0;0;8.6625;"No"
"range38 [29.705 - 30.503]";"F";"unknown";"0";"Third";"Southampton";700;0;0;8.6625;"No"
"range27 [20.923 - 21.722]";"F";"unknown";"0";"Third";"Queenstown";705;0;0;7.75;"No"
"range47 [36.890 - 37.688]";"F";"unknown";"0";"Third";"Queenstown";713;0;0;7.75;"No"
"range38 [29.705 - 30.503]";"F";"unknown";"0";"Third";"Queenstown";729;0;0;7.6292;"No"
"range28 [21.722 - 22.520]";"F";"unknown";"0";"Third";"Southampton";746;0;0;10.5167;"No"
"range35 [27.310 - 28.108]";"F";"unknown";"0";"Third";"Southampton";752;1;1;14.4;"No"
"range30 [23.318 - 24.117]";"F";"unknown";"0";"Third";"Queenstown";782;0;0;7.75;"No"
"range27 [20.923 - 21.722]";"F";"unknown";"0";"Third";"Southampton";809;2;2;34.375;"No"
"range12 [8.948 - 9.747]";"F";"unknown";"0";"Third";"Southampton";810;2;2;34.375;"No"
"range60 [47.268 - 48.067]";"F";"unknown";"0";"Third";"Southampton";814;1;3;34.375;"No"
"range13 [9.747 - 10.545]";"F";"unknown";"0";"Third";"Southampton";831;5;2;46.9;"No"
"range20 [15.335 - 16.133]";"F";"unknown";"0";"Third";"Southampton";832;5;2;46.9;"No"
"range54 [42.478 - 43.277]";"F";"unknown";"0";"Third";"Southampton";835;1;6;46.9;"No"
"range30 [23.318 - 24.117]";"F";"unknown";"0";"Third";"Southampton";843;0;0;8.85;"No"
"range22 [16.932 - 17.730]";"F";"unknown";"0";"Third";"Queenstown";844;0;0;7.7333;"No"
"range23 [17.730 - 18.528]";"F";"unknown";"0";"Third";"Queenstown";862;0;0;6.75;"No"
"range29 [22.520 - 23.318]";"F";"unknown";"0";"Third";"Southampton";864;0;0;7.925;"No"
"range35 [27.310 - 28.108]";"F";"unknown";"0";"Third";"Southampton";867;0;0;7.775;"No"
"range34 [26.512 - 27.310]";"F";"unknown";"0";"Third";"Southampton";880;1;0;7.925;"No"
"range32 [24.915 - 25.713]";"F";"unknown";"0";"Third";"Southampton";881;1;0;7.925;"No"
"range25 [19.327 - 20.125]";"F";"unknown";"0";"Third";"Southampton";910;1;0;9.825;"No"
"range27 [20.923 - 21.722]";"F";"unknown";"0";"Third";"Southampton";911;1;0;9.825;"No"
"range28 [21.722 - 22.520]";"F";"unknown";"0";"Third";"Southampton";935;2;0;8.6625;"No"
"range2 [0.965 - 1.763]";"F";"unknown";"0";"Third";"Southampton";940;1;1;12.1833;"No"
"range45 [35.293 - 36.092]";"F";"unknown";"0";"Third";"Southampton";942;0;2;12.1833;"No"
"range47 [36.890 - 37.688]";"F";"unknown";"0";"Third";"Southampton";946;0;0;9.5875;"No"
"range32 [24.915 - 25.713]";"F";"unknown";"0";"Third";"Southampton";969;0;0;7.775;"No"
"range57 [44.873 - 45.672]";"F";"unknown";"0";"Third";"Southampton";970;0;0;7.75;"No"
"range38 [29.705 - 30.503]";"F";"unknown";"0";"Third";"Southampton";972;1;0;15.55;"No"
"range33 [25.713 - 26.512]";"F";"unknown";"0";"Third";"Southampton";978;1;0;16.1;"No"
"range38 [29.705 - 30.503]";"F";"unknown";"0";"Third";"Queenstown";995;0;0;7.75;"No"
"range44 [34.495 - 35.293]";"F";"unknown";"0";"Third";"Queenstown";1011;0;0;7.75;"No"
"range24 [18.528 - 19.327]";"F";"unknown";"0";"Third";"Southampton";1014;1;0;16.1;"No"
"range37 [28.907 - 29.705]";"F";"unknown";"0";"Third";"Southampton";1061;0;0;7.925;"No"
"range39 [30.503 - 31.302]";"F";"unknown";"0";"Third";"Southampton";1089;0;0;7.8542;"No"
"range29 [22.520 - 23.318]";"F";"unknown";"0";"Third";"Southampton";1093;0;0;8.6625;"No"
"range25 [19.327 - 20.125]";"F";"unknown";"0";"Third";"Southampton";1094;0;0;8.6625;"No"
"range4 [2.562 - 3.360]";"F";"unknown";"0";"Third";"Southampton";1101;3;1;21.075;"No"
"range10 [7.352 - 8.150]";"F";"unknown";"0";"Third";"Southampton";1102;3;1;21.075;"No"
"range37 [28.907 - 29.705]";"F";"unknown";"0";"Third";"Southampton";1103;0;4;21.075;"No"
"range52 [40.882 - 41.680]";"F";"unknown";"0";"Third";"Southampton";1109;0;5;39.6875;"No"
"range4 [2.562 - 3.360]";"F";"unknown";"0";"Third";"Southampton";1115;1;1;13.775;"No"
"range33 [25.713 - 26.512]";"F";"unknown";"0";"Third";"Southampton";1116;0;2;13.775;"No"
"range35 [27.310 - 28.108]";"F";"unknown";"0";"Third";"Southampton";1129;0;0;7.8958;"No"
"range23 [17.730 - 18.528]";"F";"unknown";"0";"Third";"Southampton";1133;0;0;7.775;"No"
"range49 [38.487 - 39.285]";"F";"unknown";"0";"Third";"Queenstown";1149;0;5;29.125;"No"
"range28 [21.722 - 22.520]";"F";"unknown";"0";"Third";"Southampton";1150;0;0;39.6875;"No"
"range59 [46.470 - 47.268]";"F";"unknown";"0";"Third";"Southampton";1156;1;0;14.5;"No"
"range3 [1.763 - 2.562]";"F";"unknown";"0";"Third";"Southampton";1159;1;1;20.2125;"No"
"range52 [40.882 - 41.680]";"F";"unknown";"0";"Third";"Southampton";1161;0;2;20.2125;"No"
"range12 [8.948 - 9.747]";"F";"unknown";"0";"Third";"Southampton";1211;3;2;27.9;"No"
"range3 [1.763 - 2.562]";"F";"unknown";"0";"Third";"Southampton";1212;3;2;27.9;"No"
"range57 [44.873 - 45.672]";"F";"unknown";"0";"Third";"Southampton";1214;1;4;27.9;"No"
"range28 [21.722 - 22.520]";"F";"unknown";"0";"Third";"Southampton";1230;0;0;9.8375;"No"
"range3 [1.763 - 2.562]";"F";"G6";"0";"Third";"Southampton";1233;0;1;10.4625;"No"
"range37 [28.907 - 29.705]";"F";"G6";"0";"Third";"Southampton";1234;1;1;10.4625;"No"
"range13 [9.747 - 10.545]";"F";"unknown";"0";"Third";"Southampton";1268;0;2;24.15;"No"
"range38 [29.705 - 30.503]";"F";"unknown";"0";"Third";"Southampton";1270;1;1;24.15;"No"
"range23 [17.730 - 18.528]";"F";"unknown";"0";"Third";"Southampton";1276;2;0;18.0;"No"
"range39 [30.503 - 31.302]";"F";"unknown";"0";"Third";"Southampton";1279;1;0;18.0;"No"
"range18 [13.738 - 14.537]";"F";"unknown";"0";"Third";"Southampton";1282;0;0;7.8542;"No"
"range18 [13.738 - 14.537]";"F";"unknown";"0";"Third";"Cherbourg";1307;1;0;14.4542;"No"
"range38 [29.705 - 30.503]";"M";"C22 C26";"0";"First";"Southampton";5;1;2;151.55;"No"
"range49 [38.487 - 39.285]";"M";"A36";"0";"First";"Southampton";9;0;0;0.0;"No"
"range89 [70.420 - 71.218]";"M";"unknown";"0";"First";"Cherbourg";11;0;0;49.5042;"No"
"range59 [46.470 - 47.268]";"M";"C62 C64";"0";"First";"Cherbourg";12;1;0;227.525;"No"
"range30 [23.318 - 24.117]";"M";"B58 B60";"0";"First";"Cherbourg";18;0;1;247.5208;"No"
"range45 [35.293 - 36.092]";"M";"C6";"0";"First";"Cherbourg";21;0;0;75.2417;"No"
"range32 [24.915 - 25.713]";"M";"unknown";"0";"First";"Cherbourg";27;0;0;26.0;"No"
"range57 [44.873 - 45.672]";"M";"T";"0";"First";"Southampton";32;0;0;35.5;"No"
"range53 [41.680 - 42.478]";"M";"D22";"0";"First";"Southampton";36;0;0;26.55;"No"
"range52 [40.882 - 41.680]";"M";"A21";"0";"First";"Southampton";40;0;0;30.5;"No"
"range60 [47.268 - 48.067]";"M";"B10";"0";"First";"Cherbourg";41;0;0;50.4958;"No"
"range57 [44.873 - 45.672]";"M";"B38";"0";"First";"Southampton";47;0;0;26.55;"No"
"range42 [32.898 - 33.697]";"M";"B51 B53 B55";"0";"First";"Southampton";53;0;0;5.0;"No"
"range35 [27.310 - 28.108]";"M";"unknown";"0";"First";"Southampton";54;0;0;47.1;"No"
"range22 [16.932 - 17.730]";"M";"unknown";"0";"First";"Southampton";55;0;0;47.1;"No"
"range62 [48.865 - 49.663]";"M";"unknown";"0";"First";"Southampton";60;0;0;26.0;"No"
"range45 [35.293 - 36.092]";"M";"C46";"0";"First";"Southampton";62;1;0;78.85;"No"
"range58 [45.672 - 46.470]";"M";"E31";"0";"First";"Southampton";64;1;0;61.175;"No"
"range34 [26.512 - 27.310]";"M";"C89";"0";"First";"Cherbourg";73;1;0;136.7792;"No"
"range59 [46.470 - 47.268]";"M";"E58";"0";"First";"Southampton";77;0;0;25.5875;"No"
"range47 [36.890 - 37.688]";"M";"E52";"0";"First";"Cherbourg";79;1;1;83.1583;"No"
"range88 [69.622 - 70.420]";"M";"B22";"0";"First";"Southampton";83;1;1;71.0;"No"
"range49 [38.487 - 39.285]";"M";"C85";"0";"First";"Cherbourg";86;1;0;71.2833;"No"
"range39 [30.503 - 31.302]";"M";"B71";"0";"First";"Southampton";91;1;0;52.0;"No"
"range63 [49.663 - 50.462]";"M";"C86";"0";"First";"Cherbourg";98;1;0;106.425;"No"
"range49 [38.487 - 39.285]";"M";"A18";"0";"First";"Cherbourg";103;0;0;29.7;"No"
"range38 [29.705 - 30.503]";"M";"C111";"0";"First";"Cherbourg";112;0;0;27.75;"No"
"range24 [18.528 - 19.327]";"M";"C23 C25 C27";"0";"First";"Southampton";116;3;2;263.0;"No"
"range80 [63.235 - 64.033]";"M";"C23 C25 C27";"0";"First";"Southampton";117;1;4;263.0;"No"
"range47 [36.890 - 37.688]";"M";"C123";"0";"First";"Southampton";128;1;0;53.1;"No"
"range59 [46.470 - 47.268]";"M";"E63";"0";"First";"Southampton";130;0;0;38.5;"No"
"range30 [23.318 - 24.117]";"M";"B86";"0";"First";"Cherbourg";134;0;0;79.2;"No"
"range89 [70.420 - 71.218]";"M";"A5";"0";"First";"Cherbourg";137;0;0;34.6542;"No"
"range48 [37.688 - 38.487]";"M";"C91";"0";"First";"Southampton";140;0;1;153.4625;"No"
"range58 [45.672 - 46.470]";"M";"B82 B84";"0";"First";"Cherbourg";144;0;0;79.2;"No"
"range57 [44.873 - 45.672]";"M";"C83";"0";"First";"Southampton";150;1;0;83.475;"No"
"range50 [39.285 - 40.083]";"M";"B94";"0";"First";"Southampton";152;0;0;0.0;"No"
"range69 [54.453 - 55.252]";"M";"B69";"0";"First";"Southampton";156;1;1;93.5;"No"
"range53 [41.680 - 42.478]";"M";"B11";"0";"First";"Southampton";158;0;0;42.5;"No"
"range69 [54.453 - 55.252]";"M";"C39";"0";"First";"Southampton";160;0;0;50.0;"No"
"range53 [41.680 - 42.478]";"M";"unknown";"0";"First";"Southampton";164;1;0;52.0;"No"
"range58 [45.672 - 46.470]";"M";"unknown";"0";"First";"Southampton";173;0;0;26.0;"No"
"range63 [49.663 - 50.462]";"M";"E60";"0";"First";"Southampton";174;0;0;26.0;"No"
"range41 [32.100 - 32.898]";"M";"C132";"0";"First";"Cherbourg";175;0;0;211.5;"No"
"range73 [57.647 - 58.445]";"M";"B37";"0";"First";"Cherbourg";176;0;0;29.7;"No"
"range52 [40.882 - 41.680]";"M";"D21";"0";"First";"Southampton";177;1;0;51.8625;"No"
"range53 [41.680 - 42.478]";"M";"unknown";"0";"First";"Southampton";187;0;0;26.55;"No"
"range37 [28.907 - 29.705]";"M";"D6";"0";"First";"Southampton";191;0;0;30.0;"No"
"range38 [29.705 - 30.503]";"M";"unknown";"0";"First";"Southampton";193;0;0;45.5;"No"
"range38 [29.705 - 30.503]";"M";"C106";"0";"First";"Southampton";196;0;0;26.0;"No"
"range24 [18.528 - 19.327]";"M";"D30";"0";"First";"Southampton";199;1;0;53.1;"No"
"range58 [45.672 - 46.470]";"M";"C6";"0";"First";"Cherbourg";202;0;0;75.2417;"No"
"range68 [53.655 - 54.453]";"M";"E46";"0";"First";"Southampton";203;0;0;51.8625;"No"
"range35 [27.310 - 28.108]";"M";"unknown";"0";"First";"Cherbourg";205;1;0;82.1708;"No"
"range82 [64.832 - 65.630]";"M";"E38";"0";"First";"Southampton";207;0;0;26.55;"No"
"range55 [43.277 - 44.075]";"M";"C78";"0";"First";"Queenstown";208;2;0;90.0;"No"
"range69 [54.453 - 55.252]";"M";"C30";"0";"First";"Southampton";212;0;0;30.5;"No"
"range59 [46.470 - 47.268]";"M";"unknown";"0";"First";"Southampton";213;0;0;42.4;"No"
"range47 [36.890 - 37.688]";"M";"C118";"0";"First";"Cherbourg";214;0;1;29.7;"No"
"range73 [57.647 - 58.445]";"M";"D48";"0";"First";"Cherbourg";217;0;2;113.275;"No"
"range80 [63.235 - 64.033]";"M";"unknown";"0";"First";"Southampton";219;0;0;26.0;"No"
"range82 [64.832 - 65.630]";"M";"B30";"0";"First";"Cherbourg";223;0;1;61.9792;"No"
"range36 [28.108 - 28.907]";"M";"D43";"0";"First";"Cherbourg";224;0;0;27.7208;"No"
"range57 [44.873 - 45.672]";"M";"C124";"0";"First";"Southampton";226;0;0;28.5;"No"
"range29 [22.520 - 23.318]";"M";"B24";"0";"First";"Southampton";227;0;0;93.5;"No"
"range37 [28.907 - 29.705]";"M";"C2";"0";"First";"Southampton";228;1;0;66.6;"No"
"range23 [17.730 - 18.528]";"M";"C65";"0";"First";"Cherbourg";230;1;0;108.9;"No"
"range59 [46.470 - 47.268]";"M";"C110";"0";"First";"Southampton";234;0;0;52.0;"No"
"range48 [37.688 - 38.487]";"M";"unknown";"0";"First";"Southampton";236;0;0;0.0;"No"
"range28 [21.722 - 22.520]";"M";"unknown";"0";"First";"Cherbourg";238;0;0;135.6333;"No"
"range39 [30.503 - 31.302]";"M";"A24";"0";"First";"Southampton";241;0;0;50.4958;"No"
"range58 [45.672 - 46.470]";"M";"unknown";"0";"First";"Cherbourg";245;0;0;79.2;"No"
"range45 [35.293 - 36.092]";"M";"A10";"0";"First";"Cherbourg";246;0;0;40.125;"No"
"range69 [54.453 - 55.252]";"M";"unknown";"0";"First";"Cherbourg";248;1;0;59.4;"No"
"range42 [32.898 - 33.697]";"M";"unknown";"0";"First";"Southampton";250;0;0;26.55;"No"
"range77 [60.840 - 61.638]";"M";"B57 B59 B63 B66";"0";"First";"Cherbourg";254;1;3;262.375;"No"
"range63 [49.663 - 50.462]";"M";"E44";"0";"First";"Southampton";264;1;0;55.9;"No"
"range70 [55.252 - 56.050]";"M";"unknown";"0";"First";"Southampton";268;0;0;26.55;"No"
"range70 [55.252 - 56.050]";"M";"A7";"0";"First";"Cherbourg";269;0;0;30.6958;"No"
"range30 [23.318 - 24.117]";"M";"C31";"0";"First";"Southampton";270;1;0;60.0;"No"
"range72 [56.848 - 57.647]";"M";"B78";"0";"First";"Cherbourg";278;1;0;146.5208;"No"
"range78 [61.638 - 62.437]";"M";"C87";"0";"First";"Southampton";281;0;0;26.55;"No"
"range84 [66.428 - 67.227]";"M";"C55 C57";"0";"First";"Southampton";287;1;0;221.7792;"No"
"range77 [60.840 - 61.638]";"M";"D50";"0";"First";"Southampton";289;0;0;32.3208;"No"
"range65 [51.260 - 52.058]";"M";"E67";"0";"First";"Southampton";292;1;1;79.65;"No"
"range62 [48.865 - 49.663]";"M";"C68";"0";"First";"Cherbourg";296;1;1;110.8833;"No"
"range50 [39.285 - 40.083]";"M";"unknown";"0";"First";"Cherbourg";301;0;0;27.7208;"No"
"range77 [60.840 - 61.638]";"M";"B19";"0";"First";"Southampton";302;0;0;33.5;"No"
"range59 [46.470 - 47.268]";"M";"D46";"0";"First";"Southampton";303;0;0;34.0208;"No"
"range80 [63.235 - 64.033]";"M";"D37";"0";"First";"Cherbourg";305;1;0;75.25;"No"
"range75 [59.243 - 60.042]";"M";"unknown";"0";"First";"Southampton";307;0;0;26.55;"No"
"range68 [53.655 - 54.453]";"M";"D26";"0";"First";"Southampton";308;0;1;77.2875;"No"
"range27 [20.923 - 21.722]";"M";"D26";"0";"First";"Southampton";309;0;1;77.2875;"No"
"range72 [56.848 - 57.647]";"M";"unknown";"0";"First";"Southampton";312;1;1;164.8667;"No"
"range63 [49.663 - 50.462]";"M";"C80";"0";"First";"Cherbourg";314;1;1;211.5;"No"
"range34 [26.512 - 27.310]";"M";"C82";"0";"First";"Cherbourg";315;0;2;211.5;"No"
"range64 [50.462 - 51.260]";"M";"unknown";"0";"First";"Cherbourg";318;0;1;61.3792;"No"
"range78 [61.638 - 62.437]";"M";"unknown";"0";"First";"Southampton";323;0;0;26.55;"No"
"range38 [29.705 - 30.503]";"M";"unknown";"0";"Second";"Cherbourg";325;1;0;24.0;"No"
"range38 [29.705 - 30.503]";"M";"unknown";"0";"Second";"Southampton";327;0;0;13.0;"No"
"range23 [17.730 - 18.528]";"M";"unknown";"0";"Second";"Southampton";328;0;0;11.5;"No"
"range32 [24.915 - 25.713]";"M";"unknown";"0";"Second";"Southampton";329;0;0;10.5;"No"
"range43 [33.697 - 34.495]";"M";"unknown";"0";"Second";"Southampton";330;1;0;26.0;"No"
"range72 [56.848 - 57.647]";"M";"unknown";"0";"Second";"Southampton";332;0;0;13.0;"No"
"range23 [17.730 - 18.528]";"M";"unknown";"0";"Second";"Southampton";333;0;0;11.5;"No"
"range29 [22.520 - 23.318]";"M";"unknown";"0";"Second";"Southampton";334;0;0;10.5;"No"
"range35 [27.310 - 28.108]";"M";"unknown";"0";"Second";"Southampton";336;0;0;10.5;"No"
"range64 [50.462 - 51.260]";"M";"unknown";"0";"Second";"Southampton";337;0;0;12.525;"No"
"range35 [27.310 - 28.108]";"M";"unknown";"0";"Second";"Southampton";340;0;0;26.0;"No"
"range29 [22.520 - 23.318]";"M";"unknown";"0";"Second";"Southampton";347;0;0;13.0;"No"
"range33 [25.713 - 26.512]";"M";"unknown";"0";"Second";"Southampton";348;0;0;13.0;"No"
"range53 [41.680 - 42.478]";"M";"unknown";"0";"Second";"Southampton";349;0;0;13.0;"No"
"range34 [26.512 - 27.310]";"M";"unknown";"0";"Second";"Southampton";350;0;0;13.0;"No"
"range75 [59.243 - 60.042]";"M";"unknown";"0";"Second";"Southampton";353;1;1;39.0;"No"
"range32 [24.915 - 25.713]";"M";"unknown";"0";"Second";"Southampton";356;1;0;26.0;"No"
"range32 [24.915 - 25.713]";"M";"unknown";"0";"Second";"Southampton";358;0;0;13.0;"No"
"range53 [41.680 - 42.478]";"M";"unknown";"0";"Second";"Southampton";359;0;0;13.0;"No"
"range24 [18.528 - 19.327]";"M";"unknown";"0";"Second";"Southampton";366;0;0;13.0;"No"
"range68 [53.655 - 54.453]";"M";"unknown";"0";"Second";"Southampton";368;1;0;26.0;"No"
"range65 [51.260 - 52.058]";"M";"unknown";"0";"Second";"Southampton";369;0;0;13.5;"No"
"range47 [36.890 - 37.688]";"M";"unknown";"0";"Second";"Southampton";370;1;0;26.0;"No"
"range37 [28.907 - 29.705]";"M";"unknown";"0";"Second";"Southampton";374;1;0;26.0;"No"
"range37 [28.907 - 29.705]";"M";"unknown";"0";"Second";"Southampton";376;0;0;10.5;"No"
"range35 [27.310 - 28.108]";"M";"unknown";"0";"Second";"Southampton";377;0;0;13.0;"No"
"range39 [30.503 - 31.302]";"M";"unknown";"0";"Second";"Southampton";380;1;1;26.25;"No"
"range27 [20.923 - 21.722]";"M";"unknown";"0";"Second";"Southampton";385;0;0;11.5;"No"
"range23 [17.730 - 18.528]";"M";"unknown";"0";"Second";"Southampton";388;0;0;73.5;"No"
"range40 [31.302 - 32.100]";"M";"unknown";"0";"Second";"Southampton";391;0;0;13.0;"No"
"range22 [16.932 - 17.730]";"M";"unknown";"0";"Second";"Southampton";392;0;0;73.5;"No"
"range37 [28.907 - 29.705]";"M";"unknown";"0";"Second";"Cherbourg";393;1;0;27.7208;"No"
"range32 [24.915 - 25.713]";"M";"unknown";"0";"Second";"Southampton";395;0;0;31.5;"No"
"range23 [17.730 - 18.528]";"M";"unknown";"0";"Second";"Southampton";396;0;0;73.5;"No"
"range68 [53.655 - 54.453]";"M";"unknown";"0";"Second";"Southampton";399;0;0;26.0;"No"
"range53 [41.680 - 42.478]";"M";"unknown";"0";"Second";"Southampton";401;1;1;32.5;"No"
"range29 [22.520 - 23.318]";"M";"unknown";"0";"Second";"Southampton";405;0;0;13.0;"No"
"range27 [20.923 - 21.722]";"M";"unknown";"0";"Second";"Southampton";406;0;0;13.0;"No"
"range23 [17.730 - 18.528]";"M";"unknown";"0";"Second";"Southampton";407;0;0;13.0;"No"
"range50 [39.285 - 40.083]";"M";"unknown";"0";"Second";"Southampton";408;1;0;26.0;"No"
"range23 [17.730 - 18.528]";"M";"unknown";"0";"Second";"Southampton";410;0;0;10.5;"No"
"range45 [35.293 - 36.092]";"M";"unknown";"0";"Second";"Southampton";411;0;0;13.0;"No"
"range44 [34.495 - 35.293]";"M";"unknown";"0";"Second";"Southampton";414;0;0;26.0;"No"
"range48 [37.688 - 38.487]";"M";"unknown";"0";"Second";"Southampton";415;1;0;21.0;"No"
"range43 [33.697 - 34.495]";"M";"unknown";"0";"Second";"Southampton";416;1;0;21.0;"No"
"range20 [15.335 - 16.133]";"M";"unknown";"0";"Second";"Southampton";418;0;0;26.0;"No"
"range33 [25.713 - 26.512]";"M";"unknown";"0";"Second";"Southampton";419;0;0;10.5;"No"
"range59 [46.470 - 47.268]";"M";"unknown";"0";"Second";"Southampton";420;0;0;10.5;"No"
"range27 [20.923 - 21.722]";"M";"unknown";"0";"Second";"Southampton";421;1;0;11.5;"No"
"range27 [20.923 - 21.722]";"M";"unknown";"0";"Second";"Southampton";422;1;0;11.5;"No"
"range30 [23.318 - 24.117]";"M";"unknown";"0";"Second";"Southampton";423;0;0;13.5;"No"
"range30 [23.318 - 24.117]";"M";"unknown";"0";"Second";"Southampton";424;0;0;13.0;"No"
"range43 [33.697 - 34.495]";"M";"unknown";"0";"Second";"Southampton";425;0;0;13.0;"No"
"range38 [29.705 - 30.503]";"M";"unknown";"0";"Second";"Southampton";426;0;0;13.0;"No"
"range65 [51.260 - 52.058]";"M";"unknown";"0";"Second";"Southampton";427;0;0;13.0;"No"
"range38 [29.705 - 30.503]";"M";"unknown";"0";"Second";"Southampton";428;0;0;13.0;"No"
"range55 [43.277 - 44.075]";"M";"unknown";"0";"Second";"Southampton";431;0;0;13.0;"No"
"range35 [27.310 - 28.108]";"M";"unknown";"0";"Second";"Southampton";433;0;1;33.0;"No"
"range38 [29.705 - 30.503]";"M";"unknown";"0";"Second";"Southampton";435;0;0;10.5;"No"
"range54 [42.478 - 43.277]";"M";"unknown";"0";"Second";"Southampton";437;1;1;26.25;"No"
"range62 [48.865 - 49.663]";"M";"unknown";"0";"Second";"Southampton";441;1;2;65.0;"No"
"range30 [23.318 - 24.117]";"M";"unknown";"0";"Second";"Southampton";444;2;0;73.5;"No"
"range40 [31.302 - 32.100]";"M";"unknown";"0";"Second";"Southampton";445;2;0;73.5;"No"
"range27 [20.923 - 21.722]";"M";"unknown";"0";"Second";"Southampton";446;2;0;73.5;"No"
"range29 [22.520 - 23.318]";"M";"unknown";"0";"Second";"Southampton";449;2;1;11.5;"No"
"range45 [35.293 - 36.092]";"M";"unknown";"0";"Second";"Southampton";450;0;0;13.0;"No"
"range63 [49.663 - 50.462]";"M";"unknown";"0";"Second";"Southampton";452;0;0;13.0;"No"
"range55 [43.277 - 44.075]";"M";"unknown";"0";"Second";"Southampton";453;1;0;26.0;"No"
"range27 [20.923 - 21.722]";"M";"unknown";"0";"Second";"Southampton";455;0;0;73.5;"No"
"range79 [62.437 - 63.235]";"M";"unknown";"0";"Second";"Southampton";457;1;0;26.0;"No"
"range42 [32.898 - 33.697]";"M";"unknown";"0";"Second";"Southampton";459;0;0;12.275;"No"
"range53 [41.680 - 42.478]";"M";"unknown";"0";"Second";"Southampton";461;1;0;27.0;"No"
"range59 [46.470 - 47.268]";"M";"unknown";"0";"Second";"Southampton";463;0;0;15.0;"No"
"range30 [23.318 - 24.117]";"M";"unknown";"0";"Second";"Southampton";464;2;0;31.5;"No"
"range28 [21.722 - 22.520]";"M";"unknown";"0";"Second";"Southampton";465;2;0;31.5;"No"
"range40 [31.302 - 32.100]";"M";"unknown";"0";"Second";"Southampton";466;0;0;10.5;"No"
"range43 [33.697 - 34.495]";"M";"unknown";"0";"Second";"Southampton";468;1;0;26.0;"No"
"range44 [34.495 - 35.293]";"M";"unknown";"0";"Second";"Queenstown";472;0;0;12.35;"No"
"range72 [56.848 - 57.647]";"M";"unknown";"0";"Second";"Queenstown";474;0;0;12.35;"No"
"range39 [30.503 - 31.302]";"M";"unknown";"0";"Second";"Southampton";476;0;0;10.5;"No"
"range38 [29.705 - 30.503]";"M";"unknown";"0";"Second";"Southampton";478;1;1;26.0;"No"
"range32 [24.915 - 25.713]";"M";"unknown";"0";"Second";"Cherbourg";482;1;2;41.5792;"No"
"range45 [35.293 - 36.092]";"M";"D";"0";"Second";"Cherbourg";487;0;0;12.875;"No"
"range30 [23.318 - 24.117]";"M";"unknown";"0";"Second";"Southampton";488;0;0;10.5;"No"
"range77 [60.840 - 61.638]";"M";"unknown";"0";"Second";"Queenstown";489;0;0;12.35;"No"
"range63 [49.663 - 50.462]";"M";"unknown";"0";"Second";"Southampton";490;1;0;26.0;"No"
"range39 [30.503 - 31.302]";"M";"unknown";"0";"Second";"Cherbourg";495;1;1;37.0042;"No"
"range38 [29.705 - 30.503]";"M";"unknown";"0";"Second";"Southampton";498;0;0;13.0;"No"
"range50 [39.285 - 40.083]";"M";"unknown";"0";"Second";"Southampton";499;0;0;16.0;"No"
"range40 [31.302 - 32.100]";"M";"unknown";"0";"Second";"Southampton";500;0;0;13.5;"No"
"range38 [29.705 - 30.503]";"M";"unknown";"0";"Second";"Southampton";501;0;0;13.0;"No"
"range58 [45.672 - 46.470]";"M";"unknown";"0";"Second";"Southampton";502;0;0;26.0;"No"
"range49 [38.487 - 39.285]";"M";"unknown";"0";"Second";"Southampton";506;0;0;13.0;"No"
"range60 [47.268 - 48.067]";"M";"unknown";"0";"Second";"Southampton";507;0;0;13.0;"No"
"range88 [69.622 - 70.420]";"M";"unknown";"0";"Second";"Southampton";508;0;0;10.5;"No"
"range34 [26.512 - 27.310]";"M";"unknown";"0";"Second";"Southampton";509;0;0;13.0;"No"
"range68 [53.655 - 54.453]";"M";"unknown";"0";"Second";"Southampton";510;0;0;14.0;"No"
"range49 [38.487 - 39.285]";"M";"unknown";"0";"Second";"Southampton";511;0;0;26.0;"No"
"range20 [15.335 - 16.133]";"M";"unknown";"0";"Second";"Southampton";512;0;0;10.5;"No"
"range78 [61.638 - 62.437]";"M";"unknown";"0";"Second";"Queenstown";513;0;0;9.6875;"No"
"range41 [32.100 - 32.898]";"M";"unknown";"0";"Second";"Cherbourg";514;1;0;30.0708;"No"
"range46 [36.092 - 36.890]";"M";"F2";"0";"Second";"Southampton";518;0;2;26.0;"No"
"range33 [25.713 - 26.512]";"M";"F2";"0";"Second";"Southampton";519;0;0;13.0;"No"
"range24 [18.528 - 19.327]";"M";"unknown";"0";"Second";"Southampton";520;1;1;36.75;"No"
"range35 [27.310 - 28.108]";"M";"unknown";"0";"Second";"Southampton";521;0;0;13.5;"No"
"range49 [38.487 - 39.285]";"M";"unknown";"0";"Second";"Southampton";524;0;0;13.0;"No"
"range29 [22.520 - 23.318]";"M";"unknown";"0";"Second";"Southampton";527;0;0;10.5;"No"
"range35 [27.310 - 28.108]";"M";"unknown";"0";"Second";"Southampton";529;0;0;10.5;"No"
"range24 [18.528 - 19.327]";"M";"unknown";"0";"Second";"Southampton";532;0;0;10.5;"No"
"range52 [40.882 - 41.680]";"M";"unknown";"0";"Second";"Southampton";534;0;0;13.0;"No"
"range54 [42.478 - 43.277]";"M";"unknown";"0";"Second";"Southampton";537;0;1;21.0;"No"
"range43 [33.697 - 34.495]";"M";"unknown";"0";"Second";"Southampton";539;0;0;13.0;"No"
"range34 [26.512 - 27.310]";"M";"unknown";"0";"Second";"Cherbourg";541;0;0;15.0333;"No"
"range45 [35.293 - 36.092]";"M";"unknown";"0";"Second";"Southampton";545;0;0;10.5;"No"
"range43 [33.697 - 34.495]";"M";"unknown";"12";"Second";"Southampton";546;1;0;21.0;"No"
"range29 [22.520 - 23.318]";"M";"unknown";"0";"Second";"Cherbourg";549;0;0;15.0458;"No"
"range24 [18.528 - 19.327]";"M";"unknown";"0";"Second";"Southampton";554;0;0;10.5;"No"
"range33 [25.713 - 26.512]";"M";"unknown";"0";"Second";"Southampton";556;0;0;13.0;"No"
"range32 [24.915 - 25.713]";"M";"unknown";"0";"Second";"Southampton";557;0;0;13.0;"No"
"range34 [26.512 - 27.310]";"M";"unknown";"0";"Second";"Southampton";558;0;0;26.0;"No"
"range74 [58.445 - 59.243]";"M";"unknown";"0";"Second";"Southampton";563;0;0;13.5;"No"
"range44 [34.495 - 35.293]";"M";"unknown";"0";"Second";"Southampton";565;0;0;10.5;"No"
"range32 [24.915 - 25.713]";"M";"unknown";"0";"Second";"Southampton";567;0;0;13.0;"No"
"range52 [40.882 - 41.680]";"M";"unknown";"0";"Second";"Cherbourg";568;0;0;15.0458;"No"
"range32 [24.915 - 25.713]";"M";"unknown";"0";"Second";"Southampton";569;0;0;10.5;"No"
"range23 [17.730 - 18.528]";"M";"F";"0";"Second";"Southampton";570;0;0;13.0;"No"
"range18 [13.738 - 14.537]";"M";"unknown";"0";"Second";"Southampton";571;0;0;65.0;"No"
"range29 [22.520 - 23.318]";"M";"unknown";"0";"Second";"Southampton";573;0;0;13.0;"No"
"range37 [28.907 - 29.705]";"M";"unknown";"0";"Second";"Southampton";577;1;0;21.0;"No"
"range50 [39.285 - 40.083]";"M";"unknown";"0";"Second";"Southampton";579;0;0;13.0;"No"
"range38 [29.705 - 30.503]";"M";"unknown";"0";"Second";"Southampton";581;1;0;21.0;"No"
"range29 [22.520 - 23.318]";"M";"unknown";"0";"Second";"Southampton";582;1;0;10.5;"No"
"range34 [26.512 - 27.310]";"M";"unknown";"0";"Second";"Southampton";588;1;0;26.0;"No"
"range45 [35.293 - 36.092]";"M";"unknown";"0";"Second";"Southampton";595;1;2;27.75;"No"
"range83 [65.630 - 66.428]";"M";"unknown";"0";"Second";"Southampton";597;0;0;10.5;"No"
"range53 [41.680 - 42.478]";"M";"unknown";"0";"Third";"Southampton";603;0;0;7.55;"No"
"range17 [12.940 - 13.738]";"M";"unknown";"0";"Third";"Southampton";604;0;2;20.25;"No"
"range20 [15.335 - 16.133]";"M";"unknown";"0";"Third";"Southampton";605;1;1;20.25;"No"
"range38 [29.705 - 30.503]";"M";"unknown";"0";"Third";"Southampton";611;0;0;7.25;"No"
"range33 [25.713 - 26.512]";"M";"unknown";"0";"Third";"Southampton";612;0;0;8.05;"No"
"range33 [25.713 - 26.512]";"M";"unknown";"0";"Third";"Southampton";617;0;0;7.8875;"No"
"range25 [19.327 - 20.125]";"M";"unknown";"0";"Third";"Southampton";618;0;0;7.925;"No"
"range30 [23.318 - 24.117]";"M";"unknown";"0";"Third";"Southampton";619;0;0;7.05;"No"
"range32 [24.915 - 25.713]";"M";"unknown";"0";"Third";"Southampton";620;0;0;7.05;"No"
"range44 [34.495 - 35.293]";"M";"unknown";"0";"Third";"Southampton";621;0;0;8.05;"No"
"range23 [17.730 - 18.528]";"M";"unknown";"0";"Third";"Southampton";622;0;0;8.3;"No"
"range40 [31.302 - 32.100]";"M";"unknown";"0";"Third";"Southampton";623;0;0;22.525;"No"
"range5 [3.360 - 4.158]";"M";"unknown";"0";"Third";"Southampton";625;4;2;31.275;"No"
"range49 [38.487 - 39.285]";"M";"unknown";"0";"Third";"Southampton";632;1;5;31.275;"No"
"range33 [25.713 - 26.512]";"M";"unknown";"0";"Third";"Southampton";634;0;0;7.775;"No"
"range25 [19.327 - 20.125]";"M";"unknown";"0";"Third";"Southampton";636;0;0;7.8542;"No"
"range33 [25.713 - 26.512]";"M";"unknown";"0";"Third";"Southampton";637;0;0;7.8958;"No"
"range32 [24.915 - 25.713]";"M";"unknown";"0";"Third";"Southampton";638;1;0;17.8;"No"
"range30 [23.318 - 24.117]";"M";"unknown";"0";"Third";"Southampton";640;0;0;7.775;"No"
"range44 [34.495 - 35.293]";"M";"unknown";"0";"Third";"Southampton";641;0;0;7.05;"No"
"range7 [4.957 - 5.755]";"M";"unknown";"0";"Third";"Southampton";642;4;2;31.3875;"No"
"range12 [8.948 - 9.747]";"M";"unknown";"0";"Third";"Southampton";643;4;2;31.3875;"No"
"range17 [12.940 - 13.738]";"M";"unknown";"0";"Third";"Southampton";645;4;2;31.3875;"No"
"range50 [39.285 - 40.083]";"M";"unknown";"0";"Third";"Southampton";647;1;5;31.3875;"No"
"range27 [20.923 - 21.722]";"M";"unknown";"0";"Third";"Cherbourg";651;0;0;7.225;"No"
"range29 [22.520 - 23.318]";"M";"unknown";"0";"Third";"Southampton";652;0;0;7.05;"No"
"range38 [29.705 - 30.503]";"M";"unknown";"0";"Third";"Cherbourg";654;0;0;7.225;"No"
"range29 [22.520 - 23.318]";"M";"unknown";"0";"Third";"Southampton";655;0;0;7.8542;"No"
"range25 [19.327 - 20.125]";"M";"unknown";"0";"Third";"Cherbourg";657;0;0;7.225;"No"
"range40 [31.302 - 32.100]";"M";"unknown";"0";"Third";"Southampton";658;1;0;15.85;"No"
"range50 [39.285 - 40.083]";"M";"unknown";"0";"Third";"Cherbourg";665;0;0;7.225;"No"
"range33 [25.713 - 26.512]";"M";"unknown";"0";"Third";"Southampton";666;0;0;7.8958;"No"
"range28 [21.722 - 22.520]";"M";"unknown";"0";"Third";"Southampton";671;0;0;8.05;"No"
"range24 [18.528 - 19.327]";"M";"unknown";"0";"Third";"Southampton";672;0;0;8.05;"No"
"range33 [25.713 - 26.512]";"M";"unknown";"0";"Third";"Southampton";673;0;0;7.775;"No"
"range28 [21.722 - 22.520]";"M";"unknown";"0";"Third";"Southampton";674;0;0;9.35;"No"
"range25 [19.327 - 20.125]";"M";"unknown";"0";"Third";"Cherbourg";676;0;0;4.0125;"No"
"range27 [20.923 - 21.722]";"M";"unknown";"0";"Third";"Southampton";678;0;0;7.775;"No"
"range23 [17.730 - 18.528]";"M";"unknown";"0";"Third";"Southampton";679;0;0;7.75;"No"
"range33 [25.713 - 26.512]";"M";"unknown";"0";"Third";"Southampton";680;0;0;7.8958;"No"
"range8 [5.755 - 6.553]";"M";"unknown";"0";"Third";"Cherbourg";681;1;1;15.2458;"No"
"range50 [39.285 - 40.083]";"M";"unknown";"0";"Third";"Queenstown";686;1;1;15.5;"No"
"range27 [20.923 - 21.722]";"M";"unknown";"0";"Third";"Southampton";688;0;0;16.1;"No"
"range37 [28.907 - 29.705]";"M";"unknown";"0";"Third";"Southampton";691;1;0;7.0458;"No"
"range28 [21.722 - 22.520]";"M";"unknown";"0";"Third";"Southampton";692;1;0;7.25;"No"
"range28 [21.722 - 22.520]";"M";"unknown";"0";"Third";"Southampton";693;0;0;7.7958;"No"
"range44 [34.495 - 35.293]";"M";"unknown";"0";"Third";"Southampton";694;0;0;8.05;"No"
"range24 [18.528 - 19.327]";"M";"unknown";"0";"Third";"Queenstown";697;0;0;6.75;"No"
"range23 [17.730 - 18.528]";"M";"unknown";"0";"Third";"Southampton";701;0;0;8.6625;"No"
"range48 [37.688 - 38.487]";"M";"unknown";"0";"Third";"Southampton";702;0;0;8.6625;"No"
"range22 [16.932 - 17.730]";"M";"unknown";"0";"Third";"Southampton";703;0;0;8.6625;"No"
"range22 [16.932 - 17.730]";"M";"unknown";"0";"Third";"Southampton";704;0;0;8.6625;"No"
"range27 [20.923 - 21.722]";"M";"unknown";"0";"Third";"Queenstown";706;0;0;7.75;"No"
"range27 [20.923 - 21.722]";"M";"unknown";"0";"Third";"Southampton";707;0;0;8.05;"No"
"range35 [27.310 - 28.108]";"M";"unknown";"0";"Third";"Southampton";710;0;0;7.7958;"No"
"range30 [23.318 - 24.117]";"M";"unknown";"0";"Third";"Southampton";711;0;0;7.8542;"No"
"range35 [27.310 - 28.108]";"M";"unknown";"0";"Third";"Southampton";714;0;0;7.25;"No"
"range30 [23.318 - 24.117]";"M";"unknown";"0";"Third";"Southampton";715;0;0;8.05;"No"
"range27 [20.923 - 21.722]";"M";"unknown";"0";"Third";"Queenstown";716;0;0;7.7333;"No"
"range37 [28.907 - 29.705]";"M";"unknown";"0";"Third";"Southampton";718;0;0;8.05;"No"
"range33 [25.713 - 26.512]";"M";"unknown";"0";"Third";"Cherbourg";719;1;0;14.4542;"No"
"range23 [17.730 - 18.528]";"M";"unknown";"0";"Third";"Cherbourg";720;1;0;14.4542;"No"
"range25 [19.327 - 20.125]";"M";"unknown";"0";"Third";"Southampton";721;0;0;7.05;"No"
"range30 [23.318 - 24.117]";"M";"unknown";"0";"Third";"Queenstown";723;0;0;7.25;"No"
"range45 [35.293 - 36.092]";"M";"unknown";"0";"Third";"Southampton";724;0;0;7.4958;"No"
"range30 [23.318 - 24.117]";"M";"unknown";"0";"Third";"Southampton";725;0;0;7.4958;"No"
"range39 [30.503 - 31.302]";"M";"unknown";"0";"Third";"Queenstown";726;0;0;7.7333;"No"
"range39 [30.503 - 31.302]";"M";"unknown";"0";"Third";"Queenstown";727;0;0;7.75;"No"
"range89 [70.420 - 71.218]";"M";"unknown";"0";"Third";"Queenstown";730;0;0;7.75;"No"
"range54 [42.478 - 43.277]";"M";"unknown";"0";"Third";"Southampton";731;0;0;8.05;"No"
"range44 [34.495 - 35.293]";"M";"unknown";"0";"Third";"Southampton";732;0;0;7.8958;"No"
"range34 [26.512 - 27.310]";"M";"unknown";"0";"Third";"Southampton";733;0;0;7.8958;"No"
"range24 [18.528 - 19.327]";"M";"unknown";"0";"Third";"Southampton";734;0;0;7.8958;"No"
"range38 [29.705 - 30.503]";"M";"unknown";"0";"Third";"Southampton";735;0;0;8.05;"No"
"range74 [58.445 - 59.243]";"M";"unknown";"0";"Third";"Southampton";739;0;0;7.25;"No"
"range24 [18.528 - 19.327]";"M";"unknown";"0";"Third";"Southampton";740;0;0;8.1583;"No"
"range55 [43.277 - 44.075]";"M";"unknown";"0";"Third";"Southampton";742;0;1;16.1;"No"
"range22 [16.932 - 17.730]";"M";"unknown";"0";"Third";"Southampton";743;0;0;8.6625;"No"
"range28 [21.722 - 22.520]";"M";"unknown";"0";"Third";"Cherbourg";744;0;0;7.225;"No"
"range24 [18.528 - 19.327]";"M";"unknown";"0";"Third";"Southampton";747;0;0;10.1708;"No"
"range1 [-? - 0.965]";"M";"unknown";"0";"Third";"Southampton";750;0;2;14.4;"No"
"range43 [33.697 - 34.495]";"M";"unknown";"0";"Third";"Southampton";751;1;1;14.4;"No"
"range34 [26.512 - 27.310]";"M";"unknown";"0";"Third";"Southampton";753;0;0;7.8958;"No"
"range32 [24.915 - 25.713]";"M";"unknown";"0";"Third";"Southampton";754;0;0;7.8958;"No"
"range30 [23.318 - 24.117]";"M";"unknown";"0";"Third";"Southampton";755;2;0;24.15;"No"
"range28 [21.722 - 22.520]";"M";"unknown";"0";"Third";"Southampton";756;0;0;8.05;"No"
"range27 [20.923 - 21.722]";"M";"unknown";"0";"Third";"Southampton";757;2;0;24.15;"No"
"range22 [16.932 - 17.730]";"M";"unknown";"0";"Third";"Southampton";758;2;0;8.05;"No"
"range20 [15.335 - 16.133]";"M";"unknown";"0";"Third";"Southampton";764;0;0;9.5;"No"
"range33 [25.713 - 26.512]";"M";"unknown";"0";"Third";"Southampton";767;1;2;20.575;"No"
"range32 [24.915 - 25.713]";"M";"unknown";"0";"Third";"Southampton";769;0;0;7.8958;"No"
"range28 [21.722 - 22.520]";"M";"unknown";"0";"Third";"Southampton";772;0;0;7.25;"No"
"range45 [35.293 - 36.092]";"M";"unknown";"0";"Third";"Southampton";773;0;0;7.25;"No"
"range22 [16.932 - 17.730]";"M";"unknown";"0";"Third";"Southampton";775;0;0;7.8958;"No"
"range53 [41.680 - 42.478]";"M";"unknown";"0";"Third";"Southampton";776;0;0;8.6625;"No"
"range54 [42.478 - 43.277]";"M";"unknown";"0";"Third";"Southampton";777;0;0;7.8958;"No"
"range40 [31.302 - 32.100]";"M";"unknown";"0";"Third";"Queenstown";779;0;0;7.75;"No"
"range42 [32.898 - 33.697]";"M";"unknown";"0";"Third";"Cherbourg";784;0;0;7.8958;"No"
"range82 [64.832 - 65.630]";"M";"unknown";"0";"Third";"Queenstown";785;0;0;7.75;"No"
"range29 [22.520 - 23.318]";"M";"unknown";"0";"Third";"Southampton";787;1;0;13.9;"No"
"range23 [17.730 - 18.528]";"M";"unknown";"0";"Third";"Southampton";789;0;0;7.775;"No"
"range20 [15.335 - 16.133]";"M";"unknown";"0";"Third";"Southampton";790;0;0;7.775;"No"
"range57 [44.873 - 45.672]";"M";"unknown";"0";"Third";"Southampton";791;0;0;6.975;"No"
"range49 [38.487 - 39.285]";"M";"unknown";"0";"Third";"Cherbourg";793;0;2;7.2292;"No"
"range22 [16.932 - 17.730]";"M";"unknown";"0";"Third";"Cherbourg";794;1;1;7.2292;"No"
"range19 [14.537 - 15.335]";"M";"unknown";"0";"Third";"Cherbourg";795;1;1;7.2292;"No"
"range59 [46.470 - 47.268]";"M";"unknown";"0";"Third";"Southampton";796;0;0;7.25;"No"
"range51 [40.083 - 40.882]";"M";"unknown";"0";"Third";"Southampton";799;0;0;15.1;"No"
"range51 [40.083 - 40.882]";"M";"unknown";"0";"Third";"Queenstown";800;0;0;7.75;"No"
"range23 [17.730 - 18.528]";"M";"unknown";"0";"Third";"Southampton";802;0;0;7.7958;"No"
"range33 [25.713 - 26.512]";"M";"unknown";"0";"Third";"Queenstown";806;0;0;7.8792;"No"
"range23 [17.730 - 18.528]";"M";"unknown";"0";"Third";"Southampton";812;2;2;34.375;"No"
"range20 [15.335 - 16.133]";"M";"unknown";"0";"Third";"Southampton";813;1;3;34.375;"No"
"range32 [24.915 - 25.713]";"M";"unknown";"0";"Third";"Queenstown";817;0;0;7.7417;"No"
"range28 [21.722 - 22.520]";"M";"unknown";"0";"Third";"Southampton";820;0;0;8.05;"No"
"range42 [32.898 - 33.697]";"M";"unknown";"0";"Third";"Southampton";824;1;1;20.525;"No"
"range52 [40.882 - 41.680]";"M";"unknown";"0";"Third";"Southampton";825;0;0;7.85;"No"
"range48 [37.688 - 38.487]";"M";"unknown";"0";"Third";"Southampton";827;0;0;7.05;"No"
"range12 [8.948 - 9.747]";"M";"unknown";"0";"Third";"Southampton";828;5;2;46.9;"No"
"range2 [0.965 - 1.763]";"M";"unknown";"0";"Third";"Southampton";829;5;2;46.9;"No"
"range14 [10.545 - 11.343]";"M";"unknown";"0";"Third";"Southampton";830;5;2;46.9;"No"
"range18 [13.738 - 14.537]";"M";"unknown";"0";"Third";"Southampton";833;5;2;46.9;"No"
"range50 [39.285 - 40.083]";"M";"unknown";"0";"Third";"Southampton";834;1;6;46.9;"No"
"range64 [50.462 - 51.260]";"M";"unknown";"0";"Third";"Southampton";836;0;0;8.05;"No"
"range40 [31.302 - 32.100]";"M";"unknown";"0";"Third";"Southampton";837;0;0;8.3625;"No"
"range25 [19.327 - 20.125]";"M";"unknown";"0";"Third";"Southampton";839;0;0;9.8458;"No"
"range47 [36.890 - 37.688]";"M";"unknown";"0";"Third";"Southampton";840;2;0;7.925;"No"
"range35 [27.310 - 28.108]";"M";"unknown";"0";"Third";"Southampton";841;2;0;7.925;"No"
"range24 [18.528 - 19.327]";"M";"unknown";"0";"Third";"Southampton";842;0;0;7.775;"No"
"range35 [27.310 - 28.108]";"M";"unknown";"0";"Third";"Southampton";847;1;0;15.85;"No"
"range25 [19.327 - 20.125]";"M";"unknown";"0";"Third";"Southampton";849;0;0;9.5;"No"
"range30 [23.318 - 24.117]";"M";"unknown";"0";"Third";"Cherbourg";850;0;0;7.2292;"No"
"range52 [40.882 - 41.680]";"M";"unknown";"0";"Third";"Southampton";851;2;0;14.1083;"No"
"range33 [25.713 - 26.512]";"M";"unknown";"0";"Third";"Southampton";852;1;0;7.8542;"No"
"range27 [20.923 - 21.722]";"M";"unknown";"0";"Third";"Southampton";853;0;0;7.8542;"No"
"range32 [24.915 - 25.713]";"M";"unknown";"0";"Third";"Southampton";856;0;0;7.25;"No"
"range14 [10.545 - 11.343]";"M";"unknown";"0";"Third";"Cherbourg";858;0;0;18.7875;"No"
"range35 [27.310 - 28.108]";"M";"unknown";"0";"Third";"Southampton";866;0;0;7.8958;"No"
"range54 [42.478 - 43.277]";"M";"unknown";"0";"Third";"Southampton";871;0;0;6.45;"No"
"range35 [27.310 - 28.108]";"M";"unknown";"0";"Third";"Southampton";872;0;0;22.525;"No"
"range53 [41.680 - 42.478]";"M";"F G63";"0";"Third";"Southampton";876;0;0;7.65;"No"
"range38 [29.705 - 30.503]";"M";"unknown";"0";"Third";"Cherbourg";878;0;0;7.2292;"No"
"range25 [19.327 - 20.125]";"M";"unknown";"0";"Third";"Southampton";886;0;0;7.8542;"No"
"range60 [47.268 - 48.067]";"M";"unknown";"0";"Third";"Southampton";887;0;0;7.8542;"No"
"range22 [16.932 - 17.730]";"M";"unknown";"0";"Third";"Southampton";888;1;0;7.0542;"No"
"range43 [33.697 - 34.495]";"M";"unknown";"0";"Third";"Southampton";891;0;0;6.4958;"No"
"range28 [21.722 - 22.520]";"M";"unknown";"0";"Third";"Southampton";893;0;0;7.7958;"No"
"range42 [32.898 - 33.697]";"M";"unknown";"0";"Third";"Southampton";894;0;0;8.6542;"No"
"range39 [30.503 - 31.302]";"M";"unknown";"0";"Third";"Southampton";895;0;0;7.775;"No"
"range37 [28.907 - 29.705]";"M";"unknown";"0";"Third";"Southampton";896;0;0;7.8542;"No"
"range62 [48.865 - 49.663]";"M";"unknown";"0";"Third";"Southampton";899;0;0;0.0;"No"
"range42 [32.898 - 33.697]";"M";"unknown";"0";"Third";"Southampton";900;0;0;7.775;"No"
"range24 [18.528 - 19.327]";"M";"unknown";"0";"Third";"Southampton";901;0;0;0.0;"No"
"range29 [22.520 - 23.318]";"M";"unknown";"0";"Third";"Southampton";907;0;0;7.8958;"No"
"range34 [26.512 - 27.310]";"M";"unknown";"0";"Third";"Southampton";909;0;0;7.8542;"No"
"range22 [16.932 - 17.730]";"M";"unknown";"0";"Third";"Southampton";913;0;0;7.125;"No"
"range27 [20.923 - 21.722]";"M";"unknown";"0";"Third";"Southampton";914;0;0;8.4333;"No"
"range38 [29.705 - 30.503]";"M";"unknown";"0";"Third";"Southampton";915;0;0;7.8958;"No"
"range42 [32.898 - 33.697]";"M";"unknown";"0";"Third";"Southampton";917;0;0;7.8542;"No"
"range28 [21.722 - 22.520]";"M";"unknown";"0";"Third";"Southampton";918;0;0;7.5208;"No"
"range23 [17.730 - 18.528]";"M";"unknown";"0";"Third";"Cherbourg";922;0;0;7.2292;"No"
"range44 [34.495 - 35.293]";"M";"unknown";"0";"Third";"Queenstown";927;0;0;7.8292;"No"
"range55 [43.277 - 44.075]";"M";"unknown";"0";"Third";"Southampton";928;0;0;8.05;"No"
"range33 [25.713 - 26.512]";"M";"unknown";"0";"Third";"Southampton";936;2;0;8.6625;"No"
"range23 [17.730 - 18.528]";"M";"unknown";"0";"Third";"Southampton";941;1;1;7.8542;"No"
"range37 [28.907 - 29.705]";"M";"unknown";"0";"Third";"Southampton";953;0;0;9.4833;"No"
"range37 [28.907 - 29.705]";"M";"unknown";"0";"Third";"Southampton";954;0;0;7.775;"No"
"range28 [21.722 - 22.520]";"M";"unknown";"0";"Third";"Southampton";955;0;0;7.775;"No"
"range40 [31.302 - 32.100]";"M";"unknown";"0";"Third";"Southampton";962;0;0;7.925;"No"
"range44 [34.495 - 35.293]";"M";"unknown";"0";"Third";"Cherbourg";963;0;0;6.4375;"No"
"range45 [35.293 - 36.092]";"M";"unknown";"0";"Third";"Southampton";966;0;0;0.0;"No"
"range49 [38.487 - 39.285]";"M";"unknown";"0";"Third";"Southampton";967;0;0;24.15;"No"
"range30 [23.318 - 24.117]";"M";"unknown";"0";"Third";"Southampton";968;0;0;9.5;"No"
"range45 [35.293 - 36.092]";"M";"unknown";"0";"Third";"Southampton";971;1;0;15.55;"No"
"range35 [27.310 - 28.108]";"M";"unknown";"0";"Third";"Southampton";975;0;0;56.4958;"No"
"range38 [29.705 - 30.503]";"M";"unknown";"0";"Third";"Southampton";977;1;0;16.1;"No"
"range26 [20.125 - 20.923]";"M";"unknown";"0";"Third";"Southampton";980;0;0;7.25;"No"
"range64 [50.462 - 51.260]";"M";"unknown";"0";"Third";"Southampton";982;0;0;7.0542;"No"
"range28 [21.722 - 22.520]";"M";"unknown";"0";"Third";"Southampton";989;0;0;7.125;"No"
"range37 [28.907 - 29.705]";"M";"unknown";"0";"Third";"Southampton";993;0;0;7.925;"No"
"range44 [34.495 - 35.293]";"M";"unknown";"0";"Third";"Cherbourg";998;0;0;7.8958;"No"
"range42 [32.898 - 33.697]";"M";"unknown";"0";"Third";"Southampton";999;0;0;7.8958;"No"
"range30 [23.318 - 24.117]";"M";"unknown";"0";"Third";"Southampton";1013;1;0;16.1;"No"
"range70 [55.252 - 56.050]";"M";"unknown";"0";"Third";"Southampton";1018;0;0;8.05;"No"
"range30 [23.318 - 24.117]";"M";"unknown";"0";"Third";"Southampton";1022;0;0;7.8958;"No"
"range27 [20.923 - 21.722]";"M";"unknown";"0";"Third";"Southampton";1023;0;0;7.8958;"No"
"range35 [27.310 - 28.108]";"M";"unknown";"0";"Third";"Southampton";1024;0;0;7.8958;"No"
"range32 [24.915 - 25.713]";"M";"F G73";"0";"Third";"Southampton";1027;0;0;7.65;"No"
"range43 [33.697 - 34.495]";"M";"unknown";"0";"Third";"Southampton";1034;0;0;8.05;"No"
"range23 [17.730 - 18.528]";"M";"unknown";"0";"Third";"Southampton";1048;0;0;7.75;"No"
"range28 [21.722 - 22.520]";"M";"unknown";"0";"Third";"Southampton";1049;0;0;7.8958;"No"
"range42 [32.898 - 33.697]";"M";"unknown";"0";"Third";"Southampton";1054;0;0;8.05;"No"
"range35 [27.310 - 28.108]";"M";"unknown";"0";"Third";"Southampton";1062;0;0;8.05;"No"
"range27 [20.923 - 21.722]";"M";"unknown";"0";"Third";"Southampton";1065;0;0;7.8542;"No"
"range52 [40.882 - 41.680]";"M";"unknown";"0";"Third";"Southampton";1066;0;0;7.125;"No"
"range27 [20.923 - 21.722]";"M";"unknown";"0";"Third";"Southampton";1068;0;0;7.8;"No"
"range36 [28.108 - 28.907]";"M";"unknown";"0";"Third";"Cherbourg";1069;0;0;7.2292;"No"
"range77 [60.840 - 61.638]";"M";"unknown";"0";"Third";"Southampton";1071;0;0;6.2375;"No"
"range29 [22.520 - 23.318]";"M";"unknown";"0";"Third";"Southampton";1078;0;0;9.225;"No"
"range35 [27.310 - 28.108]";"M";"unknown";"0";"Third";"Southampton";1086;0;0;22.525;"No"
"range53 [41.680 - 42.478]";"M";"unknown";"0";"Third";"Southampton";1087;0;1;8.4042;"No"
"range35 [27.310 - 28.108]";"M";"unknown";"0";"Third";"Southampton";1090;0;0;7.8542;"No"
"range25 [19.327 - 20.125]";"M";"unknown";"0";"Third";"Southampton";1092;0;0;9.225;"No"
"range25 [19.327 - 20.125]";"M";"unknown";"0";"Third";"Southampton";1095;0;0;8.6625;"No"
"range20 [15.335 - 16.133]";"M";"unknown";"0";"Third";"Southampton";1096;0;0;9.2167;"No"
"range3 [1.763 - 2.562]";"M";"unknown";"0";"Third";"Southampton";1099;3;1;21.075;"No"
"range8 [5.755 - 6.553]";"M";"unknown";"0";"Third";"Southampton";1100;3;1;21.075;"No"
"range2 [0.965 - 1.763]";"M";"unknown";"0";"Third";"Southampton";1104;4;1;39.6875;"No"
"range9 [6.553 - 7.352]";"M";"unknown";"0";"Third";"Southampton";1105;4;1;39.6875;"No"
"range3 [1.763 - 2.562]";"M";"unknown";"0";"Third";"Southampton";1106;4;1;39.6875;"No"
"range20 [15.335 - 16.133]";"M";"unknown";"0";"Third";"Southampton";1107;4;1;39.6875;"No"
"range18 [13.738 - 14.537]";"M";"unknown";"0";"Third";"Southampton";1108;4;1;39.6875;"No"
"range27 [20.923 - 21.722]";"M";"unknown";"0";"Third";"Southampton";1110;0;0;8.6625;"No"
"range24 [18.528 - 19.327]";"M";"unknown";"0";"Third";"Southampton";1111;0;0;14.5;"No"
"range40 [31.302 - 32.100]";"M";"unknown";"0";"Third";"Southampton";1113;0;0;7.8958;"No"
"range1 [-? - 0.965]";"M";"unknown";"0";"Third";"Southampton";1114;1;1;13.775;"No"
"range27 [20.923 - 21.722]";"M";"unknown";"0";"Third";"Southampton";1120;0;0;7.925;"No"
"range32 [24.915 - 25.713]";"M";"unknown";"0";"Third";"Southampton";1121;0;0;7.925;"No"
"range28 [21.722 - 22.520]";"M";"unknown";"0";"Third";"Southampton";1122;0;0;7.25;"No"
"range30 [23.318 - 24.117]";"M";"unknown";"0";"Third";"Southampton";1128;0;0;8.05;"No"
"range24 [18.528 - 19.327]";"M";"unknown";"0";"Third";"Southampton";1130;0;0;7.8958;"No"
"range32 [24.915 - 25.713]";"M";"unknown";"0";"Third";"Southampton";1132;1;0;7.775;"No"
"range22 [16.932 - 17.730]";"M";"unknown";"0";"Third";"Southampton";1136;0;0;8.6625;"No"
"range30 [23.318 - 24.117]";"M";"unknown";"0";"Third";"Southampton";1137;0;0;8.6625;"No"
"range48 [37.688 - 38.487]";"M";"unknown";"0";"Third";"Southampton";1142;0;0;7.8958;"No"
"range27 [20.923 - 21.722]";"M";"unknown";"0";"Third";"Southampton";1143;0;0;8.05;"No"
"range13 [9.747 - 10.545]";"M";"unknown";"0";"Third";"Queenstown";1144;4;1;29.125;"No"
"range5 [3.360 - 4.158]";"M";"unknown";"0";"Third";"Queenstown";1145;4;1;29.125;"No"
"range9 [6.553 - 7.352]";"M";"unknown";"0";"Third";"Queenstown";1146;4;1;29.125;"No"
"range3 [1.763 - 2.562]";"M";"unknown";"0";"Third";"Queenstown";1147;4;1;29.125;"No"
"range10 [7.352 - 8.150]";"M";"unknown";"0";"Third";"Queenstown";1148;4;1;29.125;"No"
"range44 [34.495 - 35.293]";"M";"unknown";"0";"Third";"Southampton";1151;0;0;7.125;"No"
"range63 [49.663 - 50.462]";"M";"unknown";"0";"Third";"Southampton";1155;1;0;14.5;"No"
"range23 [17.730 - 18.528]";"M";"unknown";"0";"Third";"Southampton";1160;1;1;20.2125;"No"
"range63 [49.663 - 50.462]";"M";"unknown";"0";"Third";"Southampton";1163;0;0;8.05;"No"
"range20 [15.335 - 16.133]";"M";"unknown";"0";"Third";"Southampton";1164;0;0;8.05;"No"
"range32 [24.915 - 25.713]";"M";"unknown";"0";"Third";"Cherbourg";1168;0;0;7.225;"No"
"range49 [38.487 - 39.285]";"M";"unknown";"0";"Third";"Southampton";1172;0;0;7.25;"No"
"range18 [13.738 - 14.537]";"M";"unknown";"0";"Third";"Southampton";1174;8;2;69.55;"No"
"range30 [23.318 - 24.117]";"M";"unknown";"0";"Third";"Southampton";1184;0;0;9.325;"No"
"range49 [38.487 - 39.285]";"M";"unknown";"0";"Third";"Southampton";1186;0;0;7.925;"No"
"range25 [19.327 - 20.125]";"M";"unknown";"0";"Third";"Southampton";1194;0;0;8.05;"No"
"range31 [24.117 - 24.915]";"M";"unknown";"0";"Third";"Southampton";1195;0;0;8.05;"No"
"range28 [21.722 - 22.520]";"M";"unknown";"0";"Third";"Cherbourg";1204;0;0;7.2292;"No"
"range50 [39.285 - 40.083]";"M";"unknown";"0";"Third";"Southampton";1206;0;0;7.8958;"No"
"range27 [20.923 - 21.722]";"M";"unknown";"0";"Third";"Southampton";1207;0;0;7.925;"No"
"range5 [3.360 - 4.158]";"M";"unknown";"0";"Third";"Southampton";1209;3;2;27.9;"No"
"range13 [9.747 - 10.545]";"M";"unknown";"0";"Third";"Southampton";1210;3;2;27.9;"No"
"range50 [39.285 - 40.083]";"M";"unknown";"0";"Third";"Southampton";1213;1;4;27.9;"No"
"range24 [18.528 - 19.327]";"M";"F G73";"0";"Third";"Southampton";1220;0;0;7.65;"No"
"range38 [29.705 - 30.503]";"M";"unknown";"0";"Third";"Southampton";1221;0;0;8.05;"No"
"range40 [31.302 - 32.100]";"M";"unknown";"0";"Third";"Southampton";1223;0;0;8.05;"No"
"range42 [32.898 - 33.697]";"M";"unknown";"0";"Third";"Cherbourg";1225;0;0;8.6625;"No"
"range27 [20.923 - 21.722]";"M";"unknown";"0";"Third";"Southampton";1227;0;0;8.05;"No"
"range76 [60.042 - 60.840]";"M";"unknown";"0";"Third";"Southampton";1228;0;0;;"No"
"range24 [18.528 - 19.327]";"M";"unknown";"0";"Third";"Southampton";1229;0;0;7.8958;"No"
"range34 [26.512 - 27.310]";"M";"unknown";"0";"Third";"Southampton";1232;0;0;8.6625;"No"
"range32 [24.915 - 25.713]";"M";"unknown";"0";"Third";"Southampton";1237;0;0;7.05;"No"
"range93 [73.613 - 74.412]";"M";"unknown";"0";"Third";"Southampton";1238;0;0;7.775;"No"
"range30 [23.318 - 24.117]";"M";"unknown";"0";"Third";"Southampton";1240;0;0;7.7958;"No"
"range43 [33.697 - 34.495]";"M";"unknown";"0";"Third";"Southampton";1242;0;0;8.05;"No"
"range40 [31.302 - 32.100]";"M";"unknown";"0";"Third";"Southampton";1251;0;0;7.925;"No"
"range38 [29.705 - 30.503]";"M";"unknown";"0";"Third";"Southampton";1254;0;0;8.05;"No"
"range55 [43.277 - 44.075]";"M";"unknown";"0";"Third";"Southampton";1255;0;0;8.05;"No"
"range45 [35.293 - 36.092]";"M";"unknown";"0";"Third";"Southampton";1262;0;0;7.8958;"No"
"range15 [11.343 - 12.142]";"M";"unknown";"0";"Third";"Southampton";1266;1;1;14.5;"No"
"range51 [40.083 - 40.882]";"M";"unknown";"0";"Third";"Southampton";1267;0;2;14.5;"No"
"range45 [35.293 - 36.092]";"M";"unknown";"0";"Third";"Southampton";1269;1;1;24.15;"No"
"range42 [32.898 - 33.697]";"M";"unknown";"0";"Third";"Southampton";1272;0;0;9.5;"No"
"range35 [27.310 - 28.108]";"M";"unknown";"0";"Third";"Southampton";1273;0;0;9.5;"No"
"range35 [27.310 - 28.108]";"M";"unknown";"0";"Third";"Southampton";1274;0;0;9.5;"No"
"range59 [46.470 - 47.268]";"M";"unknown";"0";"Third";"Southampton";1275;0;0;9.0;"No"
"range39 [30.503 - 31.302]";"M";"unknown";"0";"Third";"Southampton";1277;3;0;18.0;"No"
"range20 [15.335 - 16.133]";"M";"unknown";"0";"Third";"Southampton";1278;2;0;18.0;"No"
"range25 [19.327 - 20.125]";"M";"unknown";"0";"Third";"Southampton";1281;0;0;7.8542;"No"
"range28 [21.722 - 22.520]";"M";"unknown";"0";"Third";"Southampton";1283;0;0;7.8958;"No"
"range28 [21.722 - 22.520]";"M";"unknown";"0";"Third";"Southampton";1284;0;0;9.0;"No"
"range41 [32.100 - 32.898]";"M";"unknown";"0";"Third";"Southampton";1288;0;0;9.5;"No"
"range64 [50.462 - 51.260]";"M";"unknown";"0";"Third";"Southampton";1290;0;0;7.75;"No"
"range23 [17.730 - 18.528]";"M";"unknown";"0";"Third";"Southampton";1291;1;0;6.4958;"No"
"range27 [20.923 - 21.722]";"M";"unknown";"0";"Third";"Southampton";1292;1;0;6.4958;"No"
"range36 [28.108 - 28.907]";"M";"unknown";"0";"Third";"Southampton";1297;0;0;16.1;"No"
"range27 [20.923 - 21.722]";"M";"unknown";"0";"Third";"Southampton";1298;0;0;7.25;"No"
"range34 [26.512 - 27.310]";"M";"unknown";"0";"Third";"Southampton";1299;0;0;8.6625;"No"
"range45 [35.293 - 36.092]";"M";"unknown";"0";"Third";"Southampton";1301;0;0;9.5;"No"
"range34 [26.512 - 27.310]";"M";"unknown";"0";"Third";"Cherbourg";1302;1;0;14.4542;"No"
"range57 [44.873 - 45.672]";"M";"unknown";"0";"Third";"Cherbourg";1304;0;0;7.225;"No"
"range33 [25.713 - 26.512]";"M";"unknown";"0";"Third";"Cherbourg";1309;0;0;7.225;"No"
"range34 [26.512 - 27.310]";"M";"unknown";"0";"Third";"Cherbourg";1310;0;0;7.225;"No"
"range37 [28.907 - 29.705]";"M";"unknown";"0";"Third";"Southampton";1311;0;0;7.875;"No"
"range37 [28.907 - 29.705]";"F";"B5";"2";"First";"Southampton";2;0;0;211.3375;"Yes"
"range79 [62.437 - 63.235]";"F";"D7";"10";"First";"Southampton";8;1;0;77.9583;"Yes"
"range67 [52.857 - 53.655]";"F";"C101";"0";"First";"Southampton";10;2;0;51.4792;"Yes"
"range23 [17.730 - 18.528]";"F";"C62 C64";"4";"First";"Cherbourg";13;1;0;227.525;"Yes"
"range30 [23.318 - 24.117]";"F";"B35";"9";"First";"Cherbourg";14;0;0;69.3;"Yes"
"range33 [25.713 - 26.512]";"F";"unknown";"6";"First";"Southampton";15;0;0;78.85;"Yes"
"range63 [49.663 - 50.462]";"F";"B58 B60";"6";"First";"Cherbourg";19;0;1;247.5208;"Yes"
"range40 [31.302 - 32.100]";"F";"D15";"8";"First";"Cherbourg";20;0;0;76.2917;"Yes"
"range59 [46.470 - 47.268]";"F";"D35";"5";"First";"Southampton";23;1;1;52.5542;"Yes"
"range53 [41.680 - 42.478]";"F";"unknown";"4";"First";"Cherbourg";25;0;0;227.525;"Yes"
"range37 [28.907 - 29.705]";"F";"C97";"8";"First";"Southampton";26;0;0;221.7792;"Yes"
"range24 [18.528 - 19.327]";"F";"B49";"7";"First";"Cherbourg";29;1;0;91.0792;"Yes"
"range44 [34.495 - 35.293]";"F";"C99";"8";"First";"Southampton";30;0;0;135.6333;"Yes"
"range38 [29.705 - 30.503]";"F";"C7";"8";"First";"Southampton";34;0;0;164.8667;"Yes"
"range73 [57.647 - 58.445]";"F";"C103";"8";"First";"Southampton";35;0;0;26.55;"Yes"
"range57 [44.873 - 45.672]";"F";"unknown";"4";"First";"Cherbourg";37;0;0;262.375;"Yes"
"range28 [21.722 - 22.520]";"F";"E33";"6";"First";"Southampton";38;0;1;55.0;"Yes"
"range55 [43.277 - 44.075]";"F";"B4";"6";"First";"Cherbourg";43;0;0;27.7208;"Yes"
"range74 [58.445 - 59.243]";"F";"C101";"0";"First";"Southampton";44;2;0;51.4792;"Yes"
"range75 [59.243 - 60.042]";"F";"D15";"8";"First";"Cherbourg";45;0;0;76.2917;"Yes"
"range52 [40.882 - 41.680]";"F";"E40";"3";"First";"Cherbourg";46;0;0;134.5;"Yes"
"range67 [52.857 - 53.655]";"F";"unknown";"6";"First";"Cherbourg";50;0;0;27.4458;"Yes"
"range73 [57.647 - 58.445]";"F";"B51 B53 B55";"3";"First";"Cherbourg";52;0;1;512.3292;"Yes"
"range18 [13.738 - 14.537]";"F";"B96 B98";"4";"First";"Southampton";57;1;2;120.0;"Yes"
"range45 [35.293 - 36.092]";"F";"B96 B98";"4";"First";"Southampton";59;1;2;120.0;"Yes"
"range95 [75.210 - 76.008]";"F";"C46";"6";"First";"Southampton";63;1;0;78.85;"Yes"
"range59 [46.470 - 47.268]";"F";"E31";"4";"First";"Southampton";65;1;0;61.175;"Yes"
"range42 [32.898 - 33.697]";"F";"E8";"5";"First";"Southampton";67;1;0;53.1;"Yes"
"range45 [35.293 - 36.092]";"F";"B61";"4";"First";"Cherbourg";68;0;0;262.375;"Yes"
"range38 [29.705 - 30.503]";"F";"B77";"8";"First";"Southampton";69;0;0;86.5;"Yes"
"range33 [25.713 - 26.512]";"F";"C89";"4";"First";"Cherbourg";74;1;0;136.7792;"Yes"
"range28 [21.722 - 22.520]";"F";"unknown";"11";"First";"Southampton";75;0;0;151.55;"Yes"
"range49 [38.487 - 39.285]";"F";"E49";"14";"First";"Cherbourg";78;1;1;83.1583;"Yes"
"range80 [63.235 - 64.033]";"F";"E45";"14";"First";"Cherbourg";80;0;2;83.1583;"Yes"
"range69 [54.453 - 55.252]";"F";"C101";"2";"First";"Southampton";81;2;0;25.7;"Yes"
"range45 [35.293 - 36.092]";"F";"B22";"7";"First";"Southampton";84;0;2;71.0;"Yes"
"range80 [63.235 - 64.033]";"F";"B26";"7";"First";"Southampton";85;1;1;26.55;"Yes"
"range48 [37.688 - 38.487]";"F";"C85";"4";"First";"Cherbourg";87;1;0;71.2833;"Yes"
"range42 [32.898 - 33.697]";"F";"unknown";"8";"First";"Southampton";90;0;0;151.55;"Yes"
"range34 [26.512 - 27.310]";"F";"B71";"3";"First";"Southampton";92;1;2;52.0;"Yes"
"range22 [16.932 - 17.730]";"F";"B20";"3";"First";"Southampton";94;1;0;57.0;"Yes"
"range68 [53.655 - 54.453]";"F";"A34";"5";"First";"Southampton";97;1;1;81.8583;"Yes"
"range34 [26.512 - 27.310]";"F";"B58 B60";"6";"First";"Cherbourg";99;1;1;247.5208;"Yes"
"range60 [47.268 - 48.067]";"F";"C86";"2";"First";"Cherbourg";100;1;0;106.425;"Yes"
"range60 [47.268 - 48.067]";"F";"A16";"1";"First";"Cherbourg";101;1;0;39.6;"Yes"
"range29 [22.520 - 23.318]";"F";"C54";"7";"First";"Cherbourg";104;0;1;83.1583;"Yes"
"range48 [37.688 - 38.487]";"F";"C45";"4";"First";"Cherbourg";105;0;0;227.525;"Yes"
"range68 [53.655 - 54.453]";"F";"D20";"4";"First";"Cherbourg";106;1;0;78.2667;"Yes"
"range30 [23.318 - 24.117]";"F";"C23 C25 C27";"10";"First";"Southampton";113;3;2;263.0;"Yes"
"range35 [27.310 - 28.108]";"F";"C23 C25 C27";"10";"First";"Southampton";114;3;2;263.0;"Yes"
"range29 [22.520 - 23.318]";"F";"C23 C25 C27";"10";"First";"Southampton";115;3;2;263.0;"Yes"
"range75 [59.243 - 60.042]";"F";"C23 C25 C27";"10";"First";"Southampton";118;1;4;263.0;"Yes"
"range38 [29.705 - 30.503]";"F";"E36";"1";"First";"Cherbourg";119;0;0;56.9292;"Yes"
"range28 [21.722 - 22.520]";"F";"B39";"5";"First";"Cherbourg";124;0;2;49.5;"Yes"
"range60 [47.268 - 48.067]";"F";"B41";"5";"First";"Cherbourg";126;1;1;79.2;"Yes"
"range44 [34.495 - 35.293]";"F";"C123";"0";"First";"Southampton";129;1;0;53.1;"Yes"
"range44 [34.495 - 35.293]";"F";"C130";"4";"First";"Cherbourg";131;0;0;211.5;"Yes"
"range28 [21.722 - 22.520]";"F";"unknown";"7";"First";"Cherbourg";132;0;1;59.4;"Yes"
"range57 [44.873 - 45.672]";"F";"unknown";"7";"First";"Cherbourg";133;0;1;59.4;"Yes"
"range24 [18.528 - 19.327]";"F";"B42";"3";"First";"Southampton";139;0;0;30.0;"Yes"
"range73 [57.647 - 58.445]";"F";"C125";"3";"First";"Southampton";141;0;1;153.4625;"Yes"
"range57 [44.873 - 45.672]";"F";"D10 D12";"7";"First";"Cherbourg";143;0;1;63.3583;"Yes"
"range32 [24.915 - 25.713]";"F";"E50";"5";"First";"Cherbourg";146;1;0;55.4417;"Yes"
"range62 [48.865 - 49.663]";"F";"D33";"3";"First";"Cherbourg";148;1;0;76.7292;"Yes"
"range44 [34.495 - 35.293]";"F";"C83";"0";"First";"Southampton";151;1;0;83.475;"Yes"
"range30 [23.318 - 24.117]";"F";"C54";"7";"First";"Cherbourg";155;0;0;83.1583;"Yes"
"range65 [51.260 - 52.058]";"F";"B69";"3";"First";"Southampton";157;1;1;93.5;"Yes"
"range20 [15.335 - 16.133]";"F";"B18";"4";"First";"Cherbourg";161;0;1;57.9792;"Yes"
"range55 [43.277 - 44.075]";"F";"B18";"4";"First";"Cherbourg";162;0;1;57.9792;"Yes"
"range64 [50.462 - 51.260]";"F";"D11";"10";"First";"Southampton";163;1;0;77.9583;"Yes"
"range44 [34.495 - 35.293]";"F";"unknown";"8";"First";"Southampton";165;1;0;52.0;"Yes"
"range44 [34.495 - 35.293]";"F";"C93";"0";"First";"Southampton";169;1;0;90.0;"Yes"
"range48 [37.688 - 38.487]";"F";"B28";"6";"First";;170;0;0;80.0;"Yes"
"range57 [44.873 - 45.672]";"F";"D19";"5";"First";"Southampton";180;1;0;52.5542;"Yes"
"range49 [38.487 - 39.285]";"F";"unknown";"2";"First";"Southampton";182;0;0;211.3375;"Yes"
"range62 [48.865 - 49.663]";"F";"D17";"8";"First";"Southampton";183;0;0;25.9292;"Yes"
"range38 [29.705 - 30.503]";"F";"unknown";"2";"First";"Cherbourg";184;0;0;106.425;"Yes"
"range69 [54.453 - 55.252]";"F";"unknown";"6";"First";"Cherbourg";188;0;0;27.7208;"Yes"
"range20 [15.335 - 16.133]";"F";"D28";"9";"First";"Southampton";189;0;1;39.4;"Yes"
"range64 [50.462 - 51.260]";"F";"D28";"9";"First";"Southampton";190;0;1;39.4;"Yes"
"range27 [20.923 - 21.722]";"F";"D9";"10";"First";"Southampton";192;0;0;77.9583;"Yes"
"range73 [57.647 - 58.445]";"F";"B80";"0";"First";"Cherbourg";194;0;0;146.5208;"Yes"
"range19 [14.537 - 15.335]";"F";"B5";"2";"First";"Southampton";195;0;1;211.3375;"Yes"
"range20 [15.335 - 16.133]";"F";"B79";"8";"First";"Southampton";197;0;0;86.5;"Yes"
"range23 [17.730 - 18.528]";"F";"D30";"10";"First";"Southampton";200;1;0;53.1;"Yes"
"range30 [23.318 - 24.117]";"F";"C90";"6";"First";"Cherbourg";201;0;0;49.5042;"Yes"
"range42 [32.898 - 33.697]";"F";"C78";"14";"First";"Queenstown";209;1;0;90.0;"Yes"
"range47 [36.890 - 37.688]";"F";"C78";"14";"First";"Queenstown";210;1;0;90.0;"Yes"
"range39 [30.503 - 31.302]";"F";"D36";"6";"First";"Cherbourg";215;1;0;113.275;"Yes"
"range29 [22.520 - 23.318]";"F";"D36";"6";"First";"Cherbourg";216;1;0;113.275;"Yes"
"range24 [18.528 - 19.327]";"F";"D47";"5";"First";"Southampton";218;0;2;26.2833;"Yes"
"range49 [38.487 - 39.285]";"F";"C105";"8";"First";"Cherbourg";220;0;0;108.9;"Yes"
"range28 [21.722 - 22.520]";"F";"B36";"5";"First";"Cherbourg";222;0;1;61.9792;"Yes"
"range28 [21.722 - 22.520]";"F";"C2";"8";"First";"Southampton";229;1;0;66.6;"Yes"
"range22 [16.932 - 17.730]";"F";"C65";"8";"First";"Cherbourg";231;1;0;108.9;"Yes"
"range38 [29.705 - 30.503]";"F";"B73";"3";"First";"Southampton";232;0;0;93.5;"Yes"
"range70 [55.252 - 56.050]";"F";"C50";"7";"First";"Cherbourg";235;0;1;83.1583;"Yes"
"range54 [42.478 - 43.277]";"F";"B3";"2";"First";"Southampton";240;0;1;211.3375;"Yes"
"range42 [32.898 - 33.697]";"F";"A11";"11";"First";"Cherbourg";244;0;0;27.7208;"Yes"
"range42 [32.898 - 33.697]";"F";"B77";"8";"First";"Southampton";247;0;0;86.5;"Yes"
"range68 [53.655 - 54.453]";"F";"unknown";"6";"First";"Cherbourg";249;1;0;59.4;"Yes"
"range23 [17.730 - 18.528]";"F";"B57 B59 B63 B66";"4";"First";"Cherbourg";252;2;2;262.375;"Yes"
"range27 [20.923 - 21.722]";"F";"B57 B59 B63 B66";"4";"First";"Cherbourg";253;2;2;262.375;"Yes"
"range60 [47.268 - 48.067]";"F";"B57 B59 B63 B66";"4";"First";"Cherbourg";255;1;3;262.375;"Yes"
"range30 [23.318 - 24.117]";"F";"B35";"9";"First";"Cherbourg";257;0;0;69.3;"Yes"
"range44 [34.495 - 35.293]";"F";"C28";"11";"First";"Cherbourg";259;1;0;57.75;"Yes"
"range38 [29.705 - 30.503]";"F";"unknown";"4";"First";"Cherbourg";260;0;0;31.0;"Yes"
"range50 [39.285 - 40.083]";"F";"C125";"3";"First";"Southampton";262;0;0;153.4625;"Yes"
"range49 [38.487 - 39.285]";"F";"E44";"11";"First";"Southampton";265;1;0;55.9;"Yes"
"range23 [17.730 - 18.528]";"F";"C31";"6";"First";"Southampton";272;1;0;60.0;"Yes"
"range29 [22.520 - 23.318]";"F";"B45";"7";"First";"Southampton";274;1;0;82.2667;"Yes"
"range50 [39.285 - 40.083]";"F";"E34";"3";"First";"Cherbourg";277;1;1;134.5;"Yes"
"range54 [42.478 - 43.277]";"F";"C116";"5";"First";"Cherbourg";283;1;0;55.4417;"Yes"
"range65 [51.260 - 52.058]";"F";"D20";"4";"First";"Cherbourg";284;1;0;78.2667;"Yes"
"range78 [61.638 - 62.437]";"F";"B28";"6";"First";;286;0;0;80.0;"Yes"
"range60 [47.268 - 48.067]";"F";"D17";"8";"First";"Southampton";290;0;0;25.9292;"Yes"
"range23 [17.730 - 18.528]";"F";"E68";"8";"First";"Southampton";291;0;2;79.65;"Yes"
"range49 [38.487 - 39.285]";"F";"E67";"8";"First";"Southampton";293;1;1;79.65;"Yes"
"range49 [38.487 - 39.285]";"F";"C68";"4";"First";"Cherbourg";298;1;1;110.8833;"Yes"
"range44 [34.495 - 35.293]";"F";"unknown";"3";"First";"Cherbourg";304;0;0;512.3292;"Yes"
"range75 [59.243 - 60.042]";"F";"D37";"5";"First";"Cherbourg";306;1;0;75.25;"Yes"
"range69 [54.453 - 55.252]";"F";"C32";"8";"First";"Cherbourg";310;0;0;135.6333;"Yes"
"range39 [30.503 - 31.302]";"F";"C7";"8";"First";"Southampton";311;0;2;164.8667;"Yes"
"range57 [44.873 - 45.672]";"F";"unknown";"8";"First";"Southampton";313;1;1;164.8667;"Yes"
"range63 [49.663 - 50.462]";"F";"C80";"4";"First";"Cherbourg";316;1;1;211.5;"Yes"
"range27 [20.923 - 21.722]";"F";"unknown";"8 10";"First";"Southampton";317;0;0;26.55;"Yes"
"range39 [30.503 - 31.302]";"F";"E39 E41";"3";"First";"Cherbourg";321;0;0;134.5;"Yes"
"range45 [35.293 - 36.092]";"F";"C32";"8";"First";"Cherbourg";324;0;0;135.6333;"Yes"
"range35 [27.310 - 28.108]";"F";"unknown";"10";"Second";"Cherbourg";326;1;0;24.0;"Yes"
"range45 [35.293 - 36.092]";"F";"unknown";"11";"Second";"Southampton";331;1;0;26.0;"Yes"
"range45 [35.293 - 36.092]";"F";"D";"10";"Second";"Southampton";335;0;0;13.0;"Yes"
"range24 [18.528 - 19.327]";"F";"unknown";"13";"Second";"Southampton";339;1;0;26.0;"Yes"
"range5 [3.360 - 4.158]";"F";"F4";"11";"Second";"Southampton";342;2;1;39.0;"Yes"
"range15 [11.343 - 12.142]";"F";"F4";"13";"Second";"Southampton";343;2;1;39.0;"Yes"
"range45 [35.293 - 36.092]";"F";"F4";"11";"Second";"Southampton";344;0;3;39.0;"Yes"
"range24 [18.528 - 19.327]";"F";"unknown";"12";"Second";"Southampton";346;0;0;13.0;"Yes"
"range30 [23.318 - 24.117]";"F";"F33";"11";"Second";"Southampton";351;0;0;13.0;"Yes"
"range19 [14.537 - 15.335]";"F";"unknown";"14";"Second";"Southampton";352;0;2;39.0;"Yes"
"range50 [39.285 - 40.083]";"F";"unknown";"14";"Second";"Southampton";354;1;1;39.0;"Yes"
"range25 [19.327 - 20.125]";"F";"unknown";"12";"Second";"Southampton";355;1;0;26.0;"Yes"
"range45 [35.293 - 36.092]";"F";"unknown";"9";"Second";"Southampton";357;0;0;13.0;"Yes"
"range53 [41.680 - 42.478]";"F";"unknown";"0";"Second";"Southampton";360;0;0;13.0;"Yes"
"range28 [21.722 - 22.520]";"F";"unknown";"13";"Second";"Southampton";363;1;1;29.0;"Yes"
"range44 [34.495 - 35.293]";"F";"unknown";"14";"Second";"Southampton";364;0;0;21.0;"Yes"
"range32 [24.915 - 25.713]";"F";"unknown";"12";"Second";"Southampton";372;1;1;30.0;"Yes"
"range57 [44.873 - 45.672]";"F";"unknown";"12";"Second";"Southampton";373;0;2;30.0;"Yes"
"range35 [27.310 - 28.108]";"F";"unknown";"14";"Second";"Southampton";375;1;0;26.0;"Yes"
"range10 [7.352 - 8.150]";"F";"unknown";"14";"Second";"Southampton";379;0;2;26.25;"Yes"
"range39 [30.503 - 31.302]";"F";"unknown";"14";"Second";"Southampton";381;1;1;26.25;"Yes"
"range28 [21.722 - 22.520]";"F";"F33";"14";"Second";"Southampton";382;0;0;10.5;"Yes"
"range60 [47.268 - 48.067]";"F";"unknown";"14";"Second";"Southampton";389;0;2;36.75;"Yes"
"range35 [27.310 - 28.108]";"F";"unknown";"13";"Second";"Southampton";390;0;0;13.0;"Yes"
"range30 [23.318 - 24.117]";"F";"unknown";"12";"Second";"Cherbourg";394;1;0;27.7208;"Yes"
"range23 [17.730 - 18.528]";"F";"unknown";"0";"Second";"Southampton";397;0;1;23.0;"Yes"
"range43 [33.697 - 34.495]";"F";"unknown";"0";"Second";"Southampton";398;0;1;23.0;"Yes"
"range43 [33.697 - 34.495]";"F";"unknown";"10";"Second";"Southampton";402;1;1;32.5;"Yes"
"range34 [26.512 - 27.310]";"F";"unknown";"12";"Second";"Cherbourg";403;1;0;13.8583;"Yes"
"range38 [29.705 - 30.503]";"F";"unknown";"12";"Second";"Cherbourg";404;1;0;13.8583;"Yes"
"range37 [28.907 - 29.705]";"F";"unknown";"16";"Second";"Southampton";409;1;0;26.0;"Yes"
"range43 [33.697 - 34.495]";"F";"unknown";"12";"Second";"Southampton";417;0;0;13.0;"Yes"
"range30 [23.318 - 24.117]";"F";"unknown";"4";"Second";"Southampton";430;0;2;14.5;"Yes"
"range8 [5.755 - 6.553]";"F";"unknown";"11";"Second";"Southampton";432;0;1;33.0;"Yes"
"range9 [6.553 - 7.352]";"F";"unknown";"14";"Second";"Southampton";436;0;2;26.25;"Yes"
"range57 [44.873 - 45.672]";"F";"unknown";"14";"Second";"Southampton";438;1;1;26.25;"Yes"
"range30 [23.318 - 24.117]";"F";"unknown";"9";"Second";"Southampton";439;1;2;65.0;"Yes"
"range30 [23.318 - 24.117]";"F";"unknown";"9";"Second";"Southampton";440;1;2;65.0;"Yes"
"range60 [47.268 - 48.067]";"F";"unknown";"9";"Second";"Southampton";442;1;2;65.0;"Yes"
"range69 [54.453 - 55.252]";"F";"unknown";"13";"Second";"Southampton";443;0;0;16.0;"Yes"
"range25 [19.327 - 20.125]";"F";"unknown";"4";"Second";"Southampton";448;2;1;23.0;"Yes"
"range68 [53.655 - 54.453]";"F";"unknown";"4";"Second";"Southampton";451;1;3;23.0;"Yes"
"range37 [28.907 - 29.705]";"F";"unknown";"10";"Second";"Southampton";454;1;0;26.0;"Yes"
"range22 [16.932 - 17.730]";"F";"unknown";"0";"Second";"Southampton";460;0;0;10.5;"Yes"
"range30 [23.318 - 24.117]";"F";"unknown";"12";"Second";"Southampton";462;2;1;27.0;"Yes"
"range29 [22.520 - 23.318]";"F";"D";"11";"Second";"Cherbourg";467;0;0;13.7917;"Yes"
"range30 [23.318 - 24.117]";"F";"unknown";"12";"Second";"Southampton";469;1;0;26.0;"Yes"
"range57 [44.873 - 45.672]";"F";"unknown";"9";"Second";"Southampton";473;0;0;13.5;"Yes"
"range2 [0.965 - 1.763]";"F";"unknown";"14";"Second";"Cherbourg";480;1;2;41.5792;"Yes"
"range4 [2.562 - 3.360]";"F";"unknown";"14";"Second";"Cherbourg";481;1;2;41.5792;"Yes"
"range28 [21.722 - 22.520]";"F";"unknown";"14";"Second";"Cherbourg";483;1;2;41.5792;"Yes"
"range22 [16.932 - 17.730]";"F";"unknown";"12";"Second";"Cherbourg";484;0;0;12.0;"Yes"
"range43 [33.697 - 34.495]";"F";"F33";"14";"Second";"Southampton";486;0;0;10.5;"Yes"
"range53 [41.680 - 42.478]";"F";"unknown";"0";"Second";"Southampton";491;1;0;26.0;"Yes"
"range30 [23.318 - 24.117]";"F";"unknown";"10";"Second";"Cherbourg";496;1;1;37.0042;"Yes"
"range17 [12.940 - 13.738]";"F";"unknown";"14";"Second";"Southampton";503;0;1;19.5;"Yes"
"range52 [40.882 - 41.680]";"F";"unknown";"14";"Second";"Southampton";504;0;1;19.5;"Yes"
"range18 [13.738 - 14.537]";"F";"unknown";"0";"Second";"Cherbourg";515;1;0;30.0708;"Yes"
"range37 [28.907 - 29.705]";"F";"F33";"11";"Second";"Southampton";523;0;0;10.5;"Yes"
"range63 [49.663 - 50.462]";"F";"unknown";"12";"Second";"Southampton";531;0;1;26.0;"Yes"
"range27 [20.923 - 21.722]";"F";"unknown";"12";"Second";"Southampton";535;0;1;21.0;"Yes"
"range24 [18.528 - 19.327]";"F";"unknown";"11";"Second";"Southampton";536;0;0;26.0;"Yes"
"range40 [31.302 - 32.100]";"F";"unknown";"9";"Second";"Southampton";538;0;0;13.0;"Yes"
"range3 [1.763 - 2.562]";"F";"unknown";"11";"Second";"Southampton";542;1;1;26.0;"Yes"
"range10 [7.352 - 8.150]";"F";"unknown";"11";"Second";"Southampton";543;1;1;26.0;"Yes"
"range42 [32.898 - 33.697]";"F";"unknown";"11";"Second";"Southampton";544;0;2;26.0;"Yes"
"range38 [29.705 - 30.503]";"F";"unknown";"0";"Second";"Southampton";547;3;0;21.0;"Yes"
"range35 [27.310 - 28.108]";"F";"unknown";"9";"Second";"Southampton";548;0;0;13.0;"Yes"
"range30 [23.318 - 24.117]";"F";"unknown";"4";"Second";"Southampton";552;2;3;18.75;"Yes"
"range63 [49.663 - 50.462]";"F";"unknown";"13";"Second";"Southampton";553;0;0;10.5;"Yes"
"range27 [20.923 - 21.722]";"F";"unknown";"12";"Second";"Southampton";555;0;0;10.5;"Yes"
"range32 [24.915 - 25.713]";"F";"unknown";"12";"Second";"Southampton";559;0;1;26.0;"Yes"
"range23 [17.730 - 18.528]";"F";"unknown";"16";"Second";"Southampton";560;0;2;13.0;"Yes"
"range25 [19.327 - 20.125]";"F";"unknown";"11";"Second";"Southampton";561;0;0;36.75;"Yes"
"range38 [29.705 - 30.503]";"F";"unknown";"10";"Second";"Southampton";562;0;0;13.0;"Yes"
"range38 [29.705 - 30.503]";"F";"unknown";"13";"Second";"Queenstown";564;0;0;12.35;"Yes"
"range50 [39.285 - 40.083]";"F";"unknown";"9";"Second";"Southampton";566;0;0;13.0;"Yes"
"range63 [49.663 - 50.462]";"F";"unknown";"9";"Second";"Southampton";572;0;0;10.5;"Yes"
"range35 [27.310 - 28.108]";"F";"unknown";"0";"Second";"Southampton";574;0;0;12.65;"Yes"
"range34 [26.512 - 27.310]";"F";"E101";"16";"Second";"Southampton";575;0;0;10.5;"Yes"
"range39 [30.503 - 31.302]";"F";"unknown";"14";"Second";"Southampton";580;0;0;21.0;"Yes"
"range39 [30.503 - 31.302]";"F";"unknown";"10";"Second";"Southampton";583;0;0;21.0;"Yes"
"range15 [11.343 - 12.142]";"F";"unknown";"9";"Second";"Southampton";585;0;0;15.75;"Yes"
"range50 [39.285 - 40.083]";"F";"unknown";"9";"Second";"Southampton";586;0;0;15.75;"Yes"
"range41 [32.100 - 32.898]";"F";"E101";"12";"Second";"Southampton";587;0;0;13.0;"Yes"
"range37 [28.907 - 29.705]";"F";"unknown";"10";"Second";"Southampton";589;1;0;26.0;"Yes"
"range5 [3.360 - 4.158]";"F";"unknown";"14";"Second";"Southampton";591;1;1;23.0;"Yes"
"range37 [28.907 - 29.705]";"F";"unknown";"14";"Second";"Southampton";592;0;2;23.0;"Yes"
"range1 [-? - 0.965]";"F";"unknown";"10";"Second";"Southampton";593;1;2;27.75;"Yes"
"range7 [4.957 - 5.755]";"F";"unknown";"10";"Second";"Southampton";594;1;2;27.75;"Yes"
"range42 [32.898 - 33.697]";"F";"unknown";"10";"Second";"Southampton";596;1;2;27.75;"Yes"
"range33 [25.713 - 26.512]";"F";"unknown";"9";"Second";"Southampton";601;0;0;13.5;"Yes"
"range44 [34.495 - 35.293]";"F";"unknown";"0";"Third";"Southampton";606;1;1;20.25;"Yes"
"range20 [15.335 - 16.133]";"F";"unknown";"16";"Third";"Southampton";607;0;0;7.65;"Yes"
"range23 [17.730 - 18.528]";"F";"unknown";"0";"Third";"Cherbourg";610;0;0;7.2292;"Yes"
"range23 [17.730 - 18.528]";"F";"unknown";"13";"Third";"Southampton";615;0;1;9.35;"Yes"
"range24 [18.528 - 19.327]";"F";"unknown";"16";"Third";"Southampton";624;1;0;7.8542;"Yes"
"range22 [16.932 - 17.730]";"F";"unknown";"0";"Third";"Southampton";628;4;2;7.925;"Yes"
"range7 [4.957 - 5.755]";"F";"unknown";"15";"Third";"Southampton";646;4;2;31.3875;"Yes"
"range48 [37.688 - 38.487]";"F";"unknown";"15";"Third";"Southampton";649;1;5;31.3875;"Yes"
"range57 [44.873 - 45.672]";"F";"unknown";"0";"Third";"Cherbourg";650;0;0;7.225;"Yes"
"range17 [12.940 - 13.738]";"F";"unknown";"0";"Third";"Cherbourg";656;0;0;7.2292;"Yes"
"range42 [32.898 - 33.697]";"F";"unknown";"0";"Third";"Southampton";659;3;0;15.85;"Yes"
"range1 [-? - 0.965]";"F";"unknown";"0";"Third";"Cherbourg";660;2;1;19.2583;"Yes"
"range1 [-? - 0.965]";"F";"unknown";"0";"Third";"Cherbourg";661;2;1;19.2583;"Yes"
"range7 [4.957 - 5.755]";"F";"unknown";"0";"Third";"Cherbourg";662;2;1;19.2583;"Yes"
"range30 [23.318 - 24.117]";"F";"unknown";"0";"Third";"Cherbourg";663;0;3;19.2583;"Yes"
"range23 [17.730 - 18.528]";"F";"unknown";"0";"Third";"Southampton";664;0;0;8.05;"Yes"
"range28 [21.722 - 22.520]";"F";"unknown";"13";"Third";"Queenstown";689;0;0;7.725;"Yes"
"range20 [15.335 - 16.133]";"F";"unknown";"16";"Third";"Queenstown";712;0;0;7.75;"Yes"
"range28 [21.722 - 22.520]";"F";"unknown";"13";"Third";"Queenstown";728;0;0;7.75;"Yes"
"range45 [35.293 - 36.092]";"F";"unknown";"2";"Third";"Southampton";738;0;2;15.9;"Yes"
"range22 [16.932 - 17.730]";"F";"unknown";"12";"Third";"Southampton";741;0;1;16.1;"Yes"
"range38 [29.705 - 30.503]";"F";"unknown";"15";"Third";"Queenstown";748;0;0;6.95;"Yes"
"range45 [35.293 - 36.092]";"F";"unknown";"13";"Third";"Southampton";762;1;0;17.4;"Yes"
"range1 [-? - 0.965]";"F";"unknown";"10";"Third";"Southampton";766;1;2;20.575;"Yes"
"range42 [32.898 - 33.697]";"F";"unknown";"10";"Third";"Southampton";768;1;2;20.575;"Yes"
"range24 [18.528 - 19.327]";"F";"unknown";"0";"Third";"Queenstown";774;0;0;7.8792;"Yes"
"range38 [29.705 - 30.503]";"F";"unknown";"13";"Third";"Southampton";781;0;0;12.475;"Yes"
"range29 [22.520 - 23.318]";"F";"unknown";"0";"Third";"Southampton";783;0;0;8.05;"Yes"
"range28 [21.722 - 22.520]";"F";"unknown";"16";"Third";"Southampton";788;1;0;13.9;"Yes"
"range7 [4.957 - 5.755]";"F";"unknown";"13";"Third";"Southampton";797;0;0;12.475;"Yes"
"range20 [15.335 - 16.133]";"F";"unknown";"16";"Third";"Queenstown";821;0;0;7.7333;"Yes"
"range39 [30.503 - 31.302]";"F";"unknown";"0 0";"Third";"Southampton";826;1;1;20.525;"Yes"
"range30 [23.318 - 24.117]";"F";"unknown";"15";"Third";"Southampton";848;1;0;15.85;"Yes"
"range57 [44.873 - 45.672]";"F";"unknown";"11";"Third";"Southampton";854;1;0;14.1083;"Yes"
"range33 [25.713 - 26.512]";"F";"unknown";"0";"Third";"Southampton";863;0;0;7.925;"Yes"
"range28 [21.722 - 22.520]";"F";"unknown";"0";"Third";"Southampton";865;0;0;8.9625;"Yes"
"range3 [1.763 - 2.562]";"F";"unknown";"15";"Third";"Southampton";869;0;1;12.2875;"Yes"
"range28 [21.722 - 22.520]";"F";"unknown";"15";"Third";"Southampton";870;1;1;12.2875;"Yes"
"range34 [26.512 - 27.310]";"F";"unknown";"0";"Third";"Southampton";873;0;0;7.925;"Yes"
"range2 [0.965 - 1.763]";"F";"unknown";"15";"Third";"Southampton";898;1;1;11.1333;"Yes"
"range34 [26.512 - 27.310]";"F";"unknown";"15";"Third";"Southampton";902;0;2;11.1333;"Yes"
"range5 [3.360 - 4.158]";"F";"unknown";"15";"Third";"Cherbourg";919;0;1;13.4167;"Yes"
"range5 [3.360 - 4.158]";"F";"unknown";"2";"Third";"Southampton";937;0;2;22.025;"Yes"
"range33 [25.713 - 26.512]";"F";"unknown";"2";"Third";"Southampton";939;1;1;22.025;"Yes"
"range28 [21.722 - 22.520]";"F";"unknown";"13";"Third";"Southampton";950;0;0;7.25;"Yes"
"range29 [22.520 - 23.318]";"F";"unknown";"10";"Third";"Southampton";983;0;0;7.8542;"Yes"
"range19 [14.537 - 15.335]";"F";"unknown";"0";"Third";"Queenstown";1010;0;0;8.0292;"Yes"
"range34 [26.512 - 27.310]";"F";"E121";"14";"Third";"Southampton";1029;0;1;12.475;"Yes"
"range30 [23.318 - 24.117]";"F";"unknown";"15";"Third";"Queenstown";1043;0;0;7.75;"Yes"
"range19 [14.537 - 15.335]";"F";"unknown";"0";"Third";"Cherbourg";1050;0;0;7.225;"Yes"
"range2 [0.965 - 1.763]";"F";"unknown";"0";"Third";"Cherbourg";1051;0;2;15.7417;"Yes"
"range24 [18.528 - 19.327]";"F";"unknown";"0";"Third";"Cherbourg";1053;1;1;15.7417;"Yes"
"range18 [13.738 - 14.537]";"F";"unknown";"0";"Third";"Cherbourg";1060;1;0;11.2417;"Yes"
"range23 [17.730 - 18.528]";"F";"unknown";"0";"Third";"Southampton";1063;0;0;7.775;"Yes"
"range33 [25.713 - 26.512]";"F";"unknown";"13";"Third";"Southampton";1064;0;0;7.8542;"Yes"
"range28 [21.722 - 22.520]";"F";"unknown";"13";"Third";"Southampton";1070;0;0;7.75;"Yes"
"range28 [21.722 - 22.520]";"F";"unknown";"0";"Third";"Southampton";1082;0;0;7.775;"Yes"
"range39 [30.503 - 31.302]";"F";"unknown";"0";"Third";"Southampton";1097;0;0;8.6833;"Yes"
"range27 [20.923 - 21.722]";"F";"unknown";"0";"Third";"Southampton";1185;0;0;7.65;"Yes"
"range2 [0.965 - 1.763]";"F";"G6";"13";"Third";"Southampton";1190;1;1;16.7;"Yes"
"range30 [23.318 - 24.117]";"F";"G6";"13";"Third";"Southampton";1191;0;2;16.7;"Yes"
"range5 [3.360 - 4.158]";"F";"G6";"13";"Third";"Southampton";1192;1;1;16.7;"Yes"
"range23 [17.730 - 18.528]";"F";"unknown";"16";"Third";"Southampton";1208;0;0;7.4958;"Yes"
"range29 [22.520 - 23.318]";"F";"unknown";"0";"Third";"Southampton";1226;0;0;7.55;"Yes"
"range20 [15.335 - 16.133]";"F";"unknown";"14";"Third";"Cherbourg";1247;1;1;8.5167;"Yes"
"range12 [8.948 - 9.747]";"F";"unknown";"0";"Third";"Cherbourg";1260;1;1;15.2458;"Yes"
"range37 [28.907 - 29.705]";"F";"unknown";"0";"Third";"Cherbourg";1261;0;2;15.2458;"Yes"
"range23 [17.730 - 18.528]";"F";"unknown";"15";"Third";"Southampton";1263;0;0;9.8417;"Yes"
"range79 [62.437 - 63.235]";"F";"unknown";"15";"Third";"Southampton";1264;0;0;9.5875;"Yes"
"range48 [37.688 - 38.487]";"F";"unknown";"0";"Third";"Cherbourg";1289;0;0;7.2292;"Yes"
"range59 [46.470 - 47.268]";"F";"unknown";"0";"Third";"Southampton";1293;1;0;7.0;"Yes"
"range19 [14.537 - 15.335]";"F";"unknown";"0";"Third";"Cherbourg";1303;1;0;14.4542;"Yes"
"range1 [-? - 0.965]";"M";"C22 C26";"11";"First";"Southampton";3;1;2;151.55;"Yes"
"range60 [47.268 - 48.067]";"M";"E12";"3";"First";"Southampton";7;0;0;26.55;"Yes"
"range100 [79.202 - ?]";"M";"A23";"0";"First";"Southampton";16;0;0;30.0;"Yes"
"range47 [36.890 - 37.688]";"M";"D35";"5";"First";"Southampton";22;1;1;52.5542;"Yes"
"range33 [25.713 - 26.512]";"M";"C148";"5";"First";"Cherbourg";24;0;0;30.0;"Yes"
"range32 [24.915 - 25.713]";"M";"B49";"7";"First";"Cherbourg";28;1;0;91.0792;"Yes"
"range35 [27.310 - 28.108]";"M";"C52";"0";"First";"Southampton";31;0;0;26.55;"Yes"
"range50 [39.285 - 40.083]";"M";"A31";"7";"First";"Cherbourg";33;0;0;31.0;"Yes"
"range53 [41.680 - 42.478]";"M";"E24";"5";"First";"Southampton";49;0;0;26.2875;"Yes"
"range45 [35.293 - 36.092]";"M";"B51 B53 B55";"3";"First";"Cherbourg";51;0;1;512.3292;"Yes"
"range14 [10.545 - 11.343]";"M";"B96 B98";"4";"First";"Southampton";56;1;2;120.0;"Yes"
"range45 [35.293 - 36.092]";"M";"B96 B98";"0";"First";"Southampton";58;1;2;120.0;"Yes"
"range34 [26.512 - 27.310]";"M";"E8";"5";"First";"Southampton";66;1;0;53.1;"Yes"
"range57 [44.873 - 45.672]";"M";"A9";"7";"First";"Cherbourg";70;0;0;29.7;"Yes"
"range64 [50.462 - 51.260]";"M";"E17";"5 9";"First";"Southampton";88;0;0;26.55;"Yes"
"range34 [26.512 - 27.310]";"M";"unknown";"3";"First";"Southampton";89;0;0;30.5;"Yes"
"range39 [30.503 - 31.302]";"M";"B20";"3";"First";"Southampton";93;1;0;57.0;"Yes"
"range67 [52.857 - 53.655]";"M";"A34";"13";"First";"Southampton";95;1;1;81.8583;"Yes"
"range5 [3.360 - 4.158]";"M";"A34";"5";"First";"Southampton";96;0;2;81.8583;"Yes"
"range62 [48.865 - 49.663]";"M";"A20";"1";"First";"Cherbourg";102;1;0;56.9292;"Yes"
"range45 [35.293 - 36.092]";"M";"E25";"5";"First";"Southampton";111;0;0;26.3875;"Yes"
"range63 [49.663 - 50.462]";"M";"unknown";"5";"First";"Southampton";121;2;0;133.65;"Yes"
"range54 [42.478 - 43.277]";"M";"D40";"5";"First";"Cherbourg";122;1;0;27.7208;"Yes"
"range75 [59.243 - 60.042]";"M";"B41";"5";"First";"Cherbourg";125;1;1;79.2;"Yes"
"range62 [48.865 - 49.663]";"M";"C92";"5";"First";"Cherbourg";135;1;0;89.1042;"Yes"
"range67 [52.857 - 53.655]";"M";"C51";"0";"First";"Cherbourg";138;0;0;28.5;"Yes"
"range29 [22.520 - 23.318]";"M";"D10 D12";"7";"First";"Cherbourg";142;0;1;63.3583;"Yes"
"range32 [24.915 - 25.713]";"M";"E50";"5";"First";"Cherbourg";145;1;0;55.4417;"Yes"
"range60 [47.268 - 48.067]";"M";"D33";"3";"First";"Cherbourg";147;1;0;76.7292;"Yes"
"range34 [26.512 - 27.310]";"M";"D49";"3";"First";"Cherbourg";153;0;0;76.7292;"Yes"
"range44 [34.495 - 35.293]";"M";"unknown";"15";"First";"Cherbourg";166;0;0;26.55;"Yes"
"range48 [37.688 - 38.487]";"M";"C93";"0";"First";"Southampton";167;1;0;90.0;"Yes"
"range62 [48.865 - 49.663]";"M";"B52 B54 B56";"0";"First";"Southampton";172;0;0;0.0;"Yes"
"range53 [41.680 - 42.478]";"M";"D19";"5";"First";"Southampton";179;1;0;52.5542;"Yes"
"range44 [34.495 - 35.293]";"M";"B101";"3";"First";"Cherbourg";185;0;0;512.3292;"Yes"
"range45 [35.293 - 36.092]";"M";"E25";"7";"First";"Southampton";204;0;0;26.2875;"Yes"
"range38 [29.705 - 30.503]";"M";"C78";"11";"First";"Cherbourg";211;1;0;57.75;"Yes"
"range65 [51.260 - 52.058]";"M";"C104";"6";"First";"Southampton";233;0;0;30.5;"Yes"
"range57 [44.873 - 45.672]";"M";"unknown";"9";"First";"Southampton";242;0;0;26.55;"Yes"
"range17 [12.940 - 13.738]";"M";"B57 B59 B63 B66";"4";"First";"Cherbourg";251;2;2;262.375;"Yes"
"range43 [33.697 - 34.495]";"M";"unknown";"7";"First";"Southampton";261;0;0;26.55;"Yes"
"range44 [34.495 - 35.293]";"M";"E24";"5";"First";"Southampton";263;0;0;26.2875;"Yes"
"range70 [55.252 - 56.050]";"M";"A26";"3";"First";"Cherbourg";266;0;0;35.5;"Yes"
"range35 [27.310 - 28.108]";"M";"A6";"7";"First";"Southampton";267;0;0;35.5;"Yes"
"range30 [23.318 - 24.117]";"M";"B45";"7";"First";"Southampton";273;1;0;82.2667;"Yes"
"range8 [5.755 - 6.553]";"M";"E34";"3";"First";"Cherbourg";275;0;2;134.5;"Yes"
"range57 [44.873 - 45.672]";"M";"E34";"3";"First";"Cherbourg";276;1;1;134.5;"Yes"
"range40 [31.302 - 32.100]";"M";"B50";"3";"First";"Cherbourg";280;0;0;30.5;"Yes"
"range68 [53.655 - 54.453]";"M";"C116";"1";"First";"Cherbourg";282;1;0;55.4417;"Yes"
"range60 [47.268 - 48.067]";"M";"C126";"5 7";"First";"Southampton";294;1;0;52.0;"Yes"
"range22 [16.932 - 17.730]";"M";"C70";"0";"First";"Cherbourg";297;0;2;110.8833;"Yes"
"range39 [30.503 - 31.302]";"M";"C53";"7";"First";"Cherbourg";300;0;0;28.5375;"Yes"
"range27 [20.923 - 21.722]";"M";"unknown";"0";"First";"Cherbourg";319;0;1;61.3792;"Yes"
"range40 [31.302 - 32.100]";"M";"unknown";"13";"Second";"Southampton";338;1;0;26.0;"Yes"
"range2 [0.965 - 1.763]";"M";"F4";"11";"Second";"Southampton";341;2;1;39.0;"Yes"
"range43 [33.697 - 34.495]";"M";"D56";"13";"Second";"Southampton";345;0;0;13.0;"Yes"
"range1 [-? - 0.965]";"M";"unknown";"13";"Second";"Southampton";361;0;2;29.0;"Yes"
"range33 [25.713 - 26.512]";"M";"unknown";"13";"Second";"Southampton";362;1;1;29.0;"Yes"
"range30 [23.318 - 24.117]";"M";"unknown";"9";"Second";"Southampton";378;0;0;10.5;"Yes"
"range10 [7.352 - 8.150]";"M";"unknown";"14";"Second";"Southampton";387;1;1;36.75;"Yes"
"range10 [7.352 - 8.150]";"M";"unknown";"10";"Second";"Southampton";400;0;2;32.5;"Yes"
"range1 [-? - 0.965]";"M";"unknown";"4";"Second";"Southampton";429;1;1;14.5;"Yes"
"range78 [61.638 - 62.437]";"M";"unknown";"15";"Second";"Southampton";434;0;0;10.5;"Yes"
"range53 [41.680 - 42.478]";"M";"unknown";"10";"Second";"Southampton";456;0;0;13.0;"Yes"
"range2 [0.965 - 1.763]";"M";"unknown";"10";"Second";"Cherbourg";494;0;2;37.0042;"Yes"
"range24 [18.528 - 19.327]";"M";"unknown";"0";"Second";"Southampton";505;0;0;10.5;"Yes"
"range3 [1.763 - 2.562]";"M";"F2";"0";"Second";"Southampton";516;1;1;26.0;"Yes"
"range4 [2.562 - 3.360]";"M";"F2";"0";"Second";"Southampton";517;1;1;26.0;"Yes"
"range25 [19.327 - 20.125]";"M";"D38";"7";"Second";"Cherbourg";522;0;0;13.8625;"Yes"
"range28 [21.722 - 22.520]";"M";"unknown";"13";"Second";"Southampton";525;0;0;10.5;"Yes"
"range37 [28.907 - 29.705]";"M";"unknown";"9";"Second";"Cherbourg";528;0;0;13.8583;"Yes"
"range38 [29.705 - 30.503]";"M";"unknown";"14";"Second";"Cherbourg";540;0;0;12.7375;"Yes"
"range1 [-? - 0.965]";"M";"unknown";"4";"Second";"Southampton";550;1;1;18.75;"Yes"
"range4 [2.562 - 3.360]";"M";"unknown";"4";"Second";"Southampton";551;1;1;18.75;"Yes"
"range3 [1.763 - 2.562]";"M";"unknown";"14";"Second";"Southampton";590;1;1;23.0;"Yes"
"range39 [30.503 - 31.302]";"M";"unknown";"9";"Second";"Southampton";599;0;0;13.0;"Yes"
"range32 [24.915 - 25.713]";"M";"F G63";"0";"Third";"Southampton";608;0;0;7.65;"Yes"
"range25 [19.327 - 20.125]";"M";"unknown";"15";"Third";"Southampton";609;0;0;7.925;"Yes"
"range1 [-? - 0.965]";"M";"unknown";"11";"Third";"Southampton";614;0;1;9.35;"Yes"
"range33 [25.713 - 26.512]";"M";"unknown";"15";"Third";"Cherbourg";616;0;0;18.7875;"Yes"
"range34 [26.512 - 27.310]";"M";"unknown";"0";"Third";"Southampton";633;0;0;7.7958;"Yes"
"range4 [2.562 - 3.360]";"M";"unknown";"15";"Third";"Southampton";644;4;2;31.3875;"Yes"
"range29 [22.520 - 23.318]";"M";"unknown";"13";"Third";"Southampton";648;0;0;7.7958;"Yes"
"range25 [19.327 - 20.125]";"M";"unknown";"15";"Third";"Cherbourg";667;0;0;7.2292;"Yes"
"range40 [31.302 - 32.100]";"M";"unknown";"0";"Third";"Southampton";677;0;0;56.4958;"Yes"
"range27 [20.923 - 21.722]";"M";"unknown";"13";"Third";"Queenstown";696;0;0;7.8208;"Yes"
"range40 [31.302 - 32.100]";"M";"unknown";"0";"Third";"Southampton";717;0;0;56.4958;"Yes"
"range23 [17.730 - 18.528]";"M";"unknown";"12";"Third";"Southampton";722;0;0;8.05;"Yes"
"range12 [8.948 - 9.747]";"M";"unknown";"2";"Third";"Southampton";736;1;1;15.9;"Yes"
"range4 [2.562 - 3.360]";"M";"unknown";"2";"Third";"Southampton";737;1;1;15.9;"Yes"
"range57 [44.873 - 45.672]";"M";"unknown";"15";"Third";"Southampton";745;0;0;8.05;"Yes"
"range37 [28.907 - 29.705]";"M";"unknown";"13 15 0";"Third";"Queenstown";749;0;0;7.75;"Yes"
"range46 [36.092 - 36.890]";"M";"unknown";"15";"Third";"Southampton";761;1;0;17.4;"Yes"
"range38 [29.705 - 30.503]";"M";"unknown";"11";"Third";"Southampton";763;0;0;9.5;"Yes"
"range2 [0.965 - 1.763]";"M";"unknown";"10";"Third";"Southampton";765;1;2;20.575;"Yes"
"range24 [18.528 - 19.327]";"M";"unknown";"0";"Third";"Southampton";780;0;0;8.05;"Yes"
"range30 [23.318 - 24.117]";"M";"unknown";"0";"Third";"Southampton";786;0;0;7.55;"Yes"
"range12 [8.948 - 9.747]";"M";"unknown";"0 0";"Third";"Southampton";823;0;2;20.525;"Yes"
"range34 [26.512 - 27.310]";"M";"unknown";"15";"Third";"Southampton";860;0;0;6.975;"Yes"
"range37 [28.907 - 29.705]";"M";"unknown";"15";"Third";"Cherbourg";883;0;0;7.8958;"Yes"
"range27 [20.923 - 21.722]";"M";"unknown";"0";"Third";"Southampton";884;0;0;7.7958;"Yes"
"range33 [25.713 - 26.512]";"M";"unknown";"15";"Third";"Southampton";892;0;0;7.775;"Yes"
"range5 [3.360 - 4.158]";"M";"unknown";"15";"Third";"Southampton";897;1;1;11.1333;"Yes"
"range40 [31.302 - 32.100]";"M";"unknown";"15";"Third";"Southampton";908;0;0;7.8542;"Yes"
"range40 [31.302 - 32.100]";"M";"unknown";"15";"Third";"Southampton";912;0;0;7.925;"Yes"
"range27 [20.923 - 21.722]";"M";"unknown";"13";"Third";"Southampton";916;0;0;7.7958;"Yes"
"range49 [38.487 - 39.285]";"M";"unknown";"15";"Third";"Cherbourg";920;0;1;13.4167;"Yes"
"range37 [28.907 - 29.705]";"M";"unknown";"2";"Third";"Southampton";938;3;1;22.025;"Yes"
"range32 [24.915 - 25.713]";"M";"F E57";"10";"Third";"Cherbourg";944;0;0;7.2292;"Yes"
"range33 [25.713 - 26.512]";"M";"unknown";"14";"Third";"Southampton";952;0;0;56.4958;"Yes"
"range28 [21.722 - 22.520]";"M";"unknown";"6";"Third";"Cherbourg";956;0;0;7.225;"Yes"
"range25 [19.327 - 20.125]";"M";"unknown";"15";"Third";"Southampton";973;1;0;7.925;"Yes"
"range34 [26.512 - 27.310]";"M";"unknown";"15";"Third";"Southampton";981;0;0;8.6625;"Yes"
"range40 [31.302 - 32.100]";"M";"unknown";"15";"Third";"Southampton";984;0;0;7.5792;"Yes"
"range30 [23.318 - 24.117]";"M";"unknown";"13";"Third";"Southampton";988;0;0;7.1417;"Yes"
"range27 [20.923 - 21.722]";"M";"unknown";"15";"Third";"Southampton";1020;0;0;7.775;"Yes"
"range8 [5.755 - 6.553]";"M";"E121";"14";"Third";"Southampton";1028;0;1;12.475;"Yes"
"range25 [19.327 - 20.125]";"M";"unknown";"0";"Third";"Cherbourg";1052;1;1;15.7417;"Yes"
"range15 [11.343 - 12.142]";"M";"unknown";"0";"Third";"Cherbourg";1059;1;0;11.2417;"Yes"
"range49 [38.487 - 39.285]";"M";"unknown";"9";"Third";"Southampton";1067;0;0;7.925;"Yes"
"range12 [8.948 - 9.747]";"M";"unknown";"13";"Third";"Southampton";1085;0;1;3.1708;"Yes"
"range40 [31.302 - 32.100]";"M";"unknown";"0";"Third";"Southampton";1091;0;0;7.775;"Yes"
"range32 [24.915 - 25.713]";"M";"unknown";"15";"Third";"Southampton";1123;1;0;7.775;"Yes"
"range40 [31.302 - 32.100]";"M";"E10";"9";"Third";"Southampton";1134;0;0;8.05;"Yes"
"range32 [24.915 - 25.713]";"M";"unknown";"11";"Third";"Southampton";1193;0;0;9.5;"Yes"
"range37 [28.907 - 29.705]";"M";"unknown";"11";"Third";"Southampton";1199;0;0;9.5;"Yes"
"range39 [30.503 - 31.302]";"M";"unknown";"9";"Third";"Southampton";1231;0;0;7.925;"Yes"
"range20 [15.335 - 16.133]";"M";"unknown";"0";"Third";"Southampton";1235;0;0;8.05;"Yes"
"range55 [43.277 - 44.075]";"M";"unknown";"15";"Third";"Southampton";1236;0;0;7.925;"Yes"
"range18 [13.738 - 14.537]";"M";"unknown";"13";"Third";"Southampton";1239;0;0;9.225;"Yes"
"range32 [24.915 - 25.713]";"M";"unknown";"13 15";"Third";"Southampton";1241;0;0;7.7958;"Yes"
"range1 [-? - 0.965]";"M";"unknown";"16";"Third";"Cherbourg";1243;0;1;8.5167;"Yes"
"range32 [24.915 - 25.713]";"M";"unknown";"15";"Third";"Southampton";1257;0;0;0.0;"Yes"
"range9 [6.553 - 7.352]";"M";"unknown";"0";"Third";"Cherbourg";1259;1;1;15.2458;"Yes"
"range28 [21.722 - 22.520]";"M";"unknown";"13 15";"Third";"Cherbourg";1280;0;0;7.225;"Yes"
